date,close,adj_close,volume
2019-05-10,41.56999969482422,41.56999969482422,186322500
2019-05-13,37.099998474121094,37.099998474121094,79442400
2019-05-14,39.959999084472656,39.959999084472656,46661100
2019-05-15,41.290000915527344,41.290000915527344,36086100
2019-05-16,43.0,43.0,38115500
2019-05-17,41.90999984741211,41.90999984741211,20225700
2019-05-20,41.59000015258789,41.59000015258789,29222300
2019-05-21,41.5,41.5,10802900
2019-05-22,41.25,41.25,9089500
2019-05-23,40.470001220703125,40.470001220703125,11119900
2019-05-24,41.5099983215332,41.5099983215332,8786800
2019-05-28,40.95000076293945,40.95000076293945,13391600
2019-05-29,39.939998626708984,39.939998626708984,14060400
2019-05-30,39.79999923706055,39.79999923706055,26451900
2019-05-31,40.40999984741211,40.40999984741211,23209800
2019-06-03,41.25,41.25,16605300
2019-06-04,42.75,42.75,23432100
2019-06-05,45.0,45.0,28609600
2019-06-06,44.91999816894531,44.91999816894531,16403700
2019-06-07,44.15999984741211,44.15999984741211,12654700
2019-06-10,42.61000061035156,42.61000061035156,11618700
2019-06-11,42.45000076293945,42.45000076293945,9095000
2019-06-12,42.16999816894531,42.16999816894531,5965300
2019-06-13,44.310001373291016,44.310001373291016,10178900
2019-06-14,43.22999954223633,43.22999954223633,7902200
2019-06-17,43.779998779296875,43.779998779296875,6557600
2019-06-18,43.86000061035156,43.86000061035156,7313600
2019-06-19,44.86000061035156,44.86000061035156,10331500
2019-06-20,43.86000061035156,43.86000061035156,9567400
2019-06-21,44.0,44.0,4974000
2019-06-24,43.09000015258789,43.09000015258789,5985100
2019-06-25,43.09000015258789,43.09000015258789,5753300
2019-06-26,42.5,42.5,8109100
2019-06-27,45.130001068115234,45.130001068115234,20155100
2019-06-28,46.380001068115234,46.380001068115234,28657000
2019-07-01,44.27000045776367,44.27000045776367,17660500
2019-07-02,44.0,44.0,11881300
2019-07-03,44.22999954223633,44.22999954223633,3380000
2019-07-05,43.529998779296875,43.529998779296875,8239500
2019-07-08,42.95000076293945,42.95000076293945,9304100
2019-07-09,44.20000076293945,44.20000076293945,5251600
2019-07-10,43.70000076293945,43.70000076293945,9746500
2019-07-11,43.9900016784668,43.9900016784668,8050900
2019-07-12,43.9900016784668,43.9900016784668,8760500
2019-07-15,44.529998779296875,44.529998779296875,5811200
2019-07-16,44.130001068115234,44.130001068115234,5613300
2019-07-17,43.619998931884766,43.619998931884766,5854100
2019-07-18,43.709999084472656,43.709999084472656,4078700
2019-07-19,43.18000030517578,43.18000030517578,4021000
2019-07-22,43.689998626708984,43.689998626708984,3815300
2019-07-23,43.36000061035156,43.36000061035156,5110100
2019-07-24,43.7599983215332,43.7599983215332,3775700
2019-07-25,43.400001525878906,43.400001525878906,4412000
2019-07-26,44.52000045776367,44.52000045776367,7598800
2019-07-29,43.880001068115234,43.880001068115234,8652200
2019-07-30,42.59000015258789,42.59000015258789,7686300
2019-07-31,42.13999938964844,42.13999938964844,5970800
2019-08-01,41.310001373291016,41.310001373291016,7349700
2019-08-02,40.400001525878906,40.400001525878906,8225700
2019-08-05,39.04999923706055,39.04999923706055,9799300
2019-08-06,39.150001525878906,39.150001525878906,8570300
2019-08-07,39.70000076293945,39.70000076293945,8896000
2019-08-08,42.970001220703125,42.970001220703125,29610500
2019-08-09,40.04999923706055,40.04999923706055,35138800
2019-08-12,37.0,37.0,21231300
2019-08-13,36.45000076293945,36.45000076293945,18990600
2019-08-14,33.959999084472656,33.959999084472656,24481600
2019-08-15,33.220001220703125,33.220001220703125,13265800
2019-08-16,35.22999954223633,35.22999954223633,13883200
2019-08-19,34.61000061035156,34.61000061035156,10853100
2019-08-20,35.290000915527344,35.290000915527344,10760700
2019-08-21,34.90999984741211,34.90999984741211,7923000
2019-08-22,34.0,34.0,8513300
2019-08-23,33.43000030517578,33.43000030517578,8160600
2019-08-26,33.310001373291016,33.310001373291016,5662500
2019-08-27,33.11000061035156,33.11000061035156,6574800
2019-08-28,32.59000015258789,32.59000015258789,6245500
2019-08-29,32.7599983215332,32.7599983215332,5772200
2019-08-30,32.56999969482422,32.56999969482422,6628700
2019-09-03,30.700000762939453,30.700000762939453,12154000
2019-09-04,31.989999771118164,31.989999771118164,10357600
2019-09-05,32.5099983215332,32.5099983215332,7933300
2019-09-06,31.860000610351562,31.860000610351562,7036000
2019-09-09,32.2400016784668,32.2400016784668,7448400
2019-09-10,33.5099983215332,33.5099983215332,10817100
2019-09-11,34.0,34.0,14715800
2019-09-12,34.06999969482422,34.06999969482422,7734800
2019-09-13,33.25,33.25,9428600
2019-09-16,34.43000030517578,34.43000030517578,7942600
2019-09-17,34.290000915527344,34.290000915527344,5561300
2019-09-18,34.2599983215332,34.2599983215332,6608300
2019-09-19,33.81999969482422,33.81999969482422,6869600
2019-09-20,32.599998474121094,32.599998474121094,11935400
2019-09-23,33.0,33.0,5513000
2019-09-24,31.299999237060547,31.299999237060547,10579900
2019-09-25,31.68000030517578,31.68000030517578,7875000
2019-09-26,31.56999969482422,31.56999969482422,6058700
2019-09-27,30.290000915527344,30.290000915527344,11846700
2019-09-30,30.469999313354492,30.469999313354492,4986600
2019-10-01,29.149999618530273,29.149999618530273,13380200
2019-10-02,29.0,29.0,8782400
2019-10-03,29.719999313354492,29.719999313354492,9412000
2019-10-04,29.670000076293945,29.670000076293945,8597700
2019-10-07,30.3700008392334,30.3700008392334,10083800
2019-10-08,29.280000686645508,29.280000686645508,7769100
2019-10-09,29.06999969482422,29.06999969482422,7112900
2019-10-10,28.8700008392334,28.8700008392334,7716300
2019-10-11,30.1299991607666,30.1299991607666,10216900
2019-10-14,31.1200008392334,31.1200008392334,7945400
2019-10-15,32.0,32.0,7843800
2019-10-16,31.8700008392334,31.8700008392334,7781600
2019-10-17,32.619998931884766,32.619998931884766,7200800
2019-10-18,32.060001373291016,32.060001373291016,7844500
2019-10-21,31.40999984741211,31.40999984741211,7203400
2019-10-22,32.529998779296875,32.529998779296875,19214800
2019-10-23,33.04999923706055,33.04999923706055,6709800
2019-10-24,33.279998779296875,33.279998779296875,6729300
2019-10-25,32.709999084472656,32.709999084472656,8077300
2019-10-28,33.220001220703125,33.220001220703125,7532800
2019-10-29,32.41999816894531,32.41999816894531,9319200
2019-10-30,33.75,33.75,10732700
2019-10-31,31.5,31.5,15912400
2019-11-01,31.3700008392334,31.3700008392334,10434300
2019-11-04,31.079999923706055,31.079999923706055,28787400
2019-11-05,28.020000457763672,28.020000457763672,51963500
2019-11-06,26.940000534057617,26.940000534057617,130965700
2019-11-07,27.3799991607666,27.3799991607666,65861400
2019-11-08,27.010000228881836,27.010000228881836,44923600
2019-11-11,27.139999389648438,27.139999389648438,41138100
2019-11-12,26.700000762939453,26.700000762939453,37095400
2019-11-13,26.709999084472656,26.709999084472656,32678300
2019-11-14,25.989999771118164,25.989999771118164,27893900
2019-11-15,26.790000915527344,26.790000915527344,41236200
2019-11-18,26.75,26.75,35916100
2019-11-19,27.049999237060547,27.049999237060547,31793500
2019-11-20,28.030000686645508,28.030000686645508,52746600
2019-11-21,29.459999084472656,29.459999084472656,54551400
2019-11-22,29.559999465942383,29.559999465942383,42302900
2019-11-25,29.110000610351562,29.110000610351562,36967500
2019-11-26,29.530000686645508,29.530000686645508,28746600
2019-11-27,29.489999771118164,29.489999771118164,22421400
2019-11-29,29.600000381469727,29.600000381469727,8115100
2019-12-02,28.979999542236328,28.979999542236328,16927100
2019-12-03,29.020000457763672,29.020000457763672,25252400
2019-12-04,29.059999465942383,29.059999465942383,22517600
2019-12-05,28.649999618530273,28.649999618530273,22504300
2019-12-06,27.860000610351562,27.860000610351562,32816100
2019-12-09,27.68000030517578,27.68000030517578,20977300
2019-12-10,27.889999389648438,27.889999389648438,23602700
2019-12-11,28.420000076293945,28.420000076293945,23281700
2019-12-12,28.690000534057617,28.690000534057617,23569900
2019-12-13,28.489999771118164,28.489999771118164,25431600
2019-12-16,30.049999237060547,30.049999237060547,57382500
2019-12-17,29.75,29.75,38250700
2019-12-18,30.1299991607666,30.1299991607666,35375100
2019-12-19,29.989999771118164,29.989999771118164,33799700
2019-12-20,30.450000762939453,30.450000762939453,95455100
2019-12-23,30.329999923706055,30.329999923706055,31209100
2019-12-24,30.440000534057617,30.440000534057617,12938600
2019-12-26,30.670000076293945,30.670000076293945,22200800
2019-12-27,30.170000076293945,30.170000076293945,18462200
2019-12-30,29.739999771118164,29.739999771118164,18805900
2019-12-31,29.739999771118164,29.739999771118164,16228400
2020-01-02,30.989999771118164,30.989999771118164,20578900
2020-01-03,31.3700008392334,31.3700008392334,18822700
2020-01-06,31.579999923706055,31.579999923706055,21204700
2020-01-07,32.810001373291016,32.810001373291016,30119600
2020-01-08,33.93000030517578,33.93000030517578,43944400
2020-01-09,33.970001220703125,33.970001220703125,29385500
2020-01-10,34.0099983215332,34.0099983215332,34266400
2020-01-13,34.13999938964844,34.13999938964844,16915800
2020-01-14,34.84000015258789,34.84000015258789,26019000
2020-01-15,35.0099983215332,35.0099983215332,20762200
2020-01-16,34.68000030517578,34.68000030517578,21947800
2020-01-17,35.130001068115234,35.130001068115234,17251200
2020-01-21,37.599998474121094,37.599998474121094,48746700
2020-01-22,37.040000915527344,37.040000915527344,29765200
2020-01-23,37.400001525878906,37.400001525878906,21366000
2020-01-24,36.79999923706055,36.79999923706055,21598000
2020-01-27,36.29999923706055,36.29999923706055,18818000
2020-01-28,37.0099983215332,37.0099983215332,28974000
2020-01-29,36.9900016784668,36.9900016784668,16863000
2020-01-30,36.68000030517578,36.68000030517578,22847000
2020-01-31,36.290000915527344,36.290000915527344,21553700
2020-02-03,37.59000015258789,37.59000015258789,23494600
2020-02-04,38.529998779296875,38.529998779296875,32425900
2020-02-05,36.810001373291016,36.810001373291016,38413300
2020-02-06,37.09000015258789,37.09000015258789,52699300
2020-02-07,40.630001068115234,40.630001068115234,112325800
2020-02-10,40.0099983215332,40.0099983215332,60840800
2020-02-11,41.27000045776367,41.27000045776367,33896000
2020-02-12,41.25,41.25,26444900
2020-02-13,40.09000015258789,40.09000015258789,23850900
2020-02-14,39.65999984741211,39.65999984741211,32014200
2020-02-18,40.18000030517578,40.18000030517578,22149300
2020-02-19,41.04999923706055,41.04999923706055,23287300
2020-02-20,40.91999816894531,40.91999816894531,25446400
2020-02-21,40.720001220703125,40.720001220703125,20595500
2020-02-24,38.310001373291016,38.310001373291016,37123200
2020-02-25,35.88999938964844,35.88999938964844,49281600
2020-02-26,34.45000076293945,34.45000076293945,44051400
2020-02-27,32.45000076293945,32.45000076293945,66557200
2020-02-28,33.869998931884766,33.869998931884766,52049300
2020-03-02,32.849998474121094,32.849998474121094,46662000
2020-03-03,33.040000915527344,33.040000915527344,35182400
2020-03-04,34.529998779296875,34.529998779296875,44738600
2020-03-05,32.209999084472656,32.209999084472656,32764500
2020-03-06,31.68000030517578,31.68000030517578,34808700
2020-03-09,28.170000076293945,28.170000076293945,37439200
2020-03-10,28.969999313354492,28.969999313354492,36308300
2020-03-11,26.239999771118164,26.239999771118164,43067800
2020-03-12,22.610000610351562,22.610000610351562,54042000
2020-03-13,22.600000381469727,22.600000381469727,53844400
2020-03-16,20.290000915527344,20.290000915527344,56914000
2020-03-17,18.90999984741211,18.90999984741211,60003900
2020-03-18,14.819999694824219,14.819999694824219,78286200
2020-03-19,20.489999771118164,20.489999771118164,83988700
2020-03-20,21.329999923706055,21.329999923706055,76529700
2020-03-23,22.399999618530273,22.399999618530273,47787100
2020-03-24,26.389999389648438,26.389999389648438,58505000
2020-03-25,26.190000534057617,26.190000534057617,52473900
2020-03-26,28.1200008392334,28.1200008392334,41336400
2020-03-27,27.280000686645508,27.280000686645508,40292200
2020-03-30,27.829999923706055,27.829999923706055,37725700
2020-03-31,27.920000076293945,27.920000076293945,43126400
2020-04-01,25.420000076293945,25.420000076293945,38538400
2020-04-02,23.68000030517578,23.68000030517578,35838200
2020-04-03,22.81999969482422,22.81999969482422,40572000
2020-04-06,25.989999771118164,25.989999771118164,34692600
2020-04-07,25.739999771118164,25.739999771118164,36433800
2020-04-08,26.940000534057617,26.940000534057617,36166900
2020-04-09,27.110000610351562,27.110000610351562,36190200
2020-04-13,27.989999771118164,27.989999771118164,24671600
2020-04-14,27.75,27.75,32625300
2020-04-15,27.40999984741211,27.40999984741211,18720900
2020-04-16,27.030000686645508,27.030000686645508,24088700
2020-04-17,28.0,28.0,34129800
2020-04-20,28.190000534057617,28.190000534057617,32224000
2020-04-21,27.190000534057617,27.190000534057617,20969100
2020-04-22,28.239999771118164,28.239999771118164,21199400
2020-04-23,28.329999923706055,28.329999923706055,26992400
2020-04-24,29.489999771118164,29.489999771118164,20634900
2020-04-27,30.079999923706055,30.079999923706055,31705800
2020-04-28,30.1200008392334,30.1200008392334,27383200
2020-04-29,31.3700008392334,31.3700008392334,28288100
2020-04-30,30.270000457763672,30.270000457763672,20095400
2020-05-01,28.389999389648438,28.389999389648438,19290200
2020-05-04,27.420000076293945,27.420000076293945,23428300
2020-05-05,28.06999969482422,28.06999969482422,30725400
2020-05-06,27.81999969482422,27.81999969482422,31076500
2020-05-07,30.93000030517578,30.93000030517578,62229500
2020-05-08,32.790000915527344,32.790000915527344,69458100
2020-05-11,31.639999389648438,31.639999389648438,26439200
2020-05-12,32.400001525878906,32.400001525878906,89586000
2020-05-13,33.02000045776367,33.02000045776367,47279500
2020-05-14,32.790000915527344,32.790000915527344,32912600
2020-05-15,32.470001220703125,32.470001220703125,25950000
2020-05-18,33.619998931884766,33.619998931884766,47534600
2020-05-19,33.400001525878906,33.400001525878906,20223600
2020-05-20,34.47999954223633,34.47999954223633,21386700
2020-05-21,34.2599983215332,34.2599983215332,24075300
2020-05-22,34.83000183105469,34.83000183105469,18675700
2020-05-26,34.560001373291016,34.560001373291016,23483200
2020-05-27,34.880001068115234,34.880001068115234,27514600
2020-05-28,34.150001525878906,34.150001525878906,21951900
2020-05-29,36.31999969482422,36.31999969482422,72393800
2020-06-01,35.81999969482422,35.81999969482422,21893800
2020-06-02,35.810001373291016,35.810001373291016,19328400
2020-06-03,36.75,36.75,23051800
2020-06-04,36.43000030517578,36.43000030517578,17423600
2020-06-05,37.209999084472656,37.209999084472656,30393400
2020-06-08,37.08000183105469,37.08000183105469,30099500
2020-06-09,36.59000015258789,36.59000015258789,15127300
2020-06-10,34.83000183105469,34.83000183105469,43473700
2020-06-11,31.100000381469727,31.100000381469727,45298700
2020-06-12,32.2400016784668,32.2400016784668,27685200
2020-06-15,32.66999816894531,32.66999816894531,21350300
2020-06-16,33.4900016784668,33.4900016784668,21377100
2020-06-17,33.290000915527344,33.290000915527344,14827700
2020-06-18,33.400001525878906,33.400001525878906,15495800
2020-06-19,32.29999923706055,32.29999923706055,29426300
2020-06-22,32.68000030517578,32.68000030517578,17790300
2020-06-23,33.04999923706055,33.04999923706055,13622100
2020-06-24,30.459999084472656,30.459999084472656,29477200
2020-06-25,30.579999923706055,30.579999923706055,19142800
2020-06-26,29.610000610351562,29.610000610351562,46482300
2020-06-29,29.6299991607666,29.6299991607666,20795400
2020-06-30,31.079999923706055,31.079999923706055,21282800
2020-07-01,30.43000030517578,30.43000030517578,13611500
2020-07-02,30.68000030517578,30.68000030517578,14981100
2020-07-06,32.52000045776367,32.52000045776367,42392200
2020-07-07,32.81999969482422,32.81999969482422,34874700
2020-07-08,33.93000030517578,33.93000030517578,24602400
2020-07-09,33.150001525878906,33.150001525878906,25061800
2020-07-10,33.13999938964844,33.13999938964844,13586300
2020-07-13,31.719999313354492,31.719999313354492,19604800
2020-07-14,30.93000030517578,30.93000030517578,21781800
2020-07-15,32.810001373291016,32.810001373291016,20976500
2020-07-16,32.349998474121094,32.349998474121094,11090800
2020-07-17,32.54999923706055,32.54999923706055,13658700
2020-07-20,33.65999984741211,33.65999984741211,16213600
2020-07-21,32.54999923706055,32.54999923706055,16725100
2020-07-22,32.65999984741211,32.65999984741211,12128400
2020-07-23,32.16999816894531,32.16999816894531,12749800
2020-07-24,31.18000030517578,31.18000030517578,16896100
2020-07-27,30.989999771118164,30.989999771118164,10182300
2020-07-28,30.809999465942383,30.809999465942383,12977100
2020-07-29,31.020000457763672,31.020000457763672,8215900
2020-07-30,30.239999771118164,30.239999771118164,13062900
2020-07-31,30.260000228881836,30.260000228881836,16346800
2020-08-03,31.190000534057617,31.190000534057617,17078900
2020-08-04,32.68000030517578,32.68000030517578,21958100
2020-08-05,33.20000076293945,33.20000076293945,16987800
2020-08-06,34.709999084472656,34.709999084472656,38601500
2020-08-07,32.900001525878906,32.900001525878906,39071200
2020-08-10,32.27000045776367,32.27000045776367,21347600
2020-08-11,31.209999084472656,31.209999084472656,31569900
2020-08-12,30.84000015258789,30.84000015258789,23375900
2020-08-13,30.459999084472656,30.459999084472656,21976800
2020-08-14,29.989999771118164,29.989999771118164,17631600
2020-08-17,29.479999542236328,29.479999542236328,18544700
2020-08-18,30.079999923706055,30.079999923706055,29398200
2020-08-19,29.420000076293945,29.420000076293945,14050300
2020-08-20,31.40999984741211,31.40999984741211,56663300
2020-08-21,30.829999923706055,30.829999923706055,20217000
2020-08-24,31.040000915527344,31.040000915527344,17406200
2020-08-25,31.190000534057617,31.190000534057617,10056800
2020-08-26,32.29999923706055,32.29999923706055,20599800
2020-08-27,32.79999923706055,32.79999923706055,21306500
2020-08-28,33.79999923706055,33.79999923706055,17825600
2020-08-31,33.630001068115234,33.630001068115234,14980600
2020-09-01,34.29999923706055,34.29999923706055,16013900
2020-09-02,34.369998931884766,34.369998931884766,16552700
2020-09-03,33.40999984741211,33.40999984741211,17288800
2020-09-04,33.2400016784668,33.2400016784668,17480600
2020-09-08,34.31999969482422,34.31999969482422,33683500
2020-09-09,35.0099983215332,35.0099983215332,22803500
2020-09-10,35.97999954223633,35.97999954223633,35468300
2020-09-11,36.97999954223633,36.97999954223633,27130900
2020-09-14,37.95000076293945,37.95000076293945,28016000
2020-09-15,37.470001220703125,37.470001220703125,23532600
2020-09-16,37.65999984741211,37.65999984741211,21787100
2020-09-17,37.060001373291016,37.060001373291016,23534800
2020-09-18,37.119998931884766,37.119998931884766,68428600
2020-09-21,36.4900016784668,36.4900016784668,19100800
2020-09-22,34.400001525878906,34.400001525878906,28242800
2020-09-23,33.54999923706055,33.54999923706055,15796900
2020-09-24,33.349998474121094,33.349998474121094,16404100
2020-09-25,34.459999084472656,34.459999084472656,10736300
2020-09-28,35.560001373291016,35.560001373291016,22878400
2020-09-29,35.43000030517578,35.43000030517578,16488700
2020-09-30,36.47999954223633,36.47999954223633,21386300
2020-10-01,37.13999938964844,37.13999938964844,19187500
2020-10-02,37.720001220703125,37.720001220703125,20123400
2020-10-05,37.13999938964844,37.13999938964844,13093100
2020-10-06,36.2599983215332,36.2599983215332,13074700
2020-10-07,36.779998779296875,36.779998779296875,13782100
2020-10-08,37.34000015258789,37.34000015258789,12212400
2020-10-09,37.27000045776367,37.27000045776367,13172000
2020-10-12,36.2599983215332,36.2599983215332,16569400
2020-10-13,35.560001373291016,35.560001373291016,15463100
2020-10-14,35.11000061035156,35.11000061035156,15397200
2020-10-15,34.2599983215332,34.2599983215332,15443800
2020-10-16,33.720001220703125,33.720001220703125,14899700
2020-10-19,34.220001220703125,34.220001220703125,19278600
2020-10-20,36.310001373291016,36.310001373291016,29820700
2020-10-21,35.20000076293945,35.20000076293945,19058700
2020-10-22,36.70000076293945,36.70000076293945,14243600
2020-10-23,36.75,36.75,15960600
2020-10-26,35.4900016784668,35.4900016784668,12511700
2020-10-27,34.15999984741211,34.15999984741211,13692100
2020-10-28,33.650001525878906,33.650001525878906,15787900
2020-10-29,34.060001373291016,34.060001373291016,13735300
2020-10-30,33.40999984741211,33.40999984741211,13506200
2020-11-02,34.810001373291016,34.810001373291016,18350500
2020-11-03,35.77000045776367,35.77000045776367,16208800
2020-11-04,40.9900016784668,40.9900016784668,101818200
2020-11-05,41.959999084472656,41.959999084472656,34177600
2020-11-06,44.869998931884766,44.869998931884766,57670700
2020-11-09,48.18000030517578,48.18000030517578,61632300
2020-11-10,47.0,47.0,33079800
2020-11-11,46.22999954223633,46.22999954223633,19213700
2020-11-12,46.400001525878906,46.400001525878906,16251600
2020-11-13,47.61000061035156,47.61000061035156,15552400
2020-11-16,49.209999084472656,49.209999084472656,29301700
2020-11-17,48.88999938964844,48.88999938964844,16638300
2020-11-18,49.11000061035156,49.11000061035156,17783500
2020-11-19,49.2599983215332,49.2599983215332,13480300
2020-11-20,48.43000030517578,48.43000030517578,17330400
2020-11-23,50.040000915527344,50.040000915527344,17147100
2020-11-24,51.2599983215332,51.2599983215332,16216200
2020-11-25,50.79999923706055,50.79999923706055,11641600
2020-11-27,50.720001220703125,50.720001220703125,8339200
2020-11-30,49.65999984741211,49.65999984741211,17221500
2020-12-01,49.630001068115234,49.630001068115234,20605500
2020-12-02,53.09000015258789,53.09000015258789,30381500
2020-12-03,52.52000045776367,52.52000045776367,13122400
2020-12-04,54.86000061035156,54.86000061035156,22207900
2020-12-07,53.79999923706055,53.79999923706055,13764400
2020-12-08,53.0099983215332,53.0099983215332,26167300
2020-12-09,53.790000915527344,53.790000915527344,46777900
2020-12-10,54.349998474121094,54.349998474121094,20207700
2020-12-11,52.630001068115234,52.630001068115234,16817900
2020-12-14,51.459999084472656,51.459999084472656,19048500
2020-12-15,51.0,51.0,17504700
2020-12-16,50.4900016784668,50.4900016784668,19577800
2020-12-17,50.630001068115234,50.630001068115234,19688300
2020-12-18,50.619998931884766,50.619998931884766,24355200
2020-12-21,51.79999923706055,51.79999923706055,23562900
2020-12-22,53.779998779296875,53.779998779296875,23871800
2020-12-23,53.709999084472656,53.709999084472656,12671100
2020-12-24,52.880001068115234,52.880001068115234,6316800
2020-12-28,51.970001220703125,51.970001220703125,12059000
2020-12-29,52.27000045776367,52.27000045776367,10140600
2020-12-30,53.150001525878906,53.150001525878906,9518600
2020-12-31,51.0,51.0,13282800
2021-01-04,51.13999938964844,51.13999938964844,17291800
2021-01-05,54.0099983215332,54.0099983215332,21403200
2021-01-06,52.47999954223633,52.47999954223633,17738100
2021-01-07,56.130001068115234,56.130001068115234,23737500
2021-01-08,53.279998779296875,53.279998779296875,37999400
2021-01-11,54.59000015258789,54.59000015258789,23213800
2021-01-12,58.540000915527344,58.540000915527344,52128200
2021-01-13,59.400001525878906,59.400001525878906,24178500
2021-01-14,56.90999984741211,56.90999984741211,26561000
2021-01-15,55.52000045776367,55.52000045776367,23708800
2021-01-19,56.29999923706055,56.29999923706055,16953700
2021-01-20,56.380001068115234,56.380001068115234,16904300
2021-01-21,55.790000915527344,55.790000915527344,13432000
2021-01-22,54.310001373291016,54.310001373291016,19570500
2021-01-25,54.290000915527344,54.290000915527344,40890100
2021-01-26,51.91999816894531,51.91999816894531,25677000
2021-01-27,48.11000061035156,48.11000061035156,33283400
2021-01-28,51.58000183105469,51.58000183105469,28114700
2021-01-29,50.93000030517578,50.93000030517578,18743200
2021-02-01,52.7599983215332,52.7599983215332,15570900
2021-02-02,56.459999084472656,56.459999084472656,30286800
2021-02-03,57.119998931884766,57.119998931884766,13519000
2021-02-04,57.849998474121094,57.849998474121094,13841600
2021-02-05,58.58000183105469,58.58000183105469,15729200
2021-02-08,59.290000915527344,59.290000915527344,18403700
2021-02-09,59.61000061035156,59.61000061035156,23510700
2021-02-10,63.18000030517578,63.18000030517578,36972900
2021-02-11,60.709999084472656,60.709999084472656,41363400
2021-02-12,60.630001068115234,60.630001068115234,14607800
2021-02-16,60.52000045776367,60.52000045776367,15413100
2021-02-17,60.810001373291016,60.810001373291016,12670000
2021-02-18,59.0,59.0,15135600
2021-02-19,58.38999938964844,58.38999938964844,28097000
2021-02-22,55.310001373291016,55.310001373291016,25565400
2021-02-23,56.0,56.0,23947500
2021-02-24,53.90999984741211,53.90999984741211,24627000
2021-02-25,51.45000076293945,51.45000076293945,27049100
2021-02-26,51.75,51.75,16349800
2021-03-01,54.400001525878906,54.400001525878906,18481100
2021-03-02,54.650001525878906,54.650001525878906,15199500
2021-03-03,56.11000061035156,56.11000061035156,28485400
2021-03-04,53.06999969482422,53.06999969482422,27409600
2021-03-05,55.540000915527344,55.540000915527344,31576200
2021-03-08,53.20000076293945,53.20000076293945,19912100
2021-03-09,55.25,55.25,17192900
2021-03-10,57.68000030517578,57.68000030517578,27997000
2021-03-11,58.95000076293945,58.95000076293945,17293800
2021-03-12,60.349998474121094,60.349998474121094,14839300
2021-03-15,60.189998626708984,60.189998626708984,14985000
2021-03-16,58.849998474121094,58.849998474121094,12885700
2021-03-17,56.36000061035156,56.36000061035156,25509900
2021-03-18,55.689998626708984,55.689998626708984,15737000
2021-03-19,57.08000183105469,57.08000183105469,17396300
2021-03-22,55.689998626708984,55.689998626708984,14149400
2021-03-23,53.4900016784668,53.4900016784668,14513500
2021-03-24,52.56999969482422,52.56999969482422,13700800
2021-03-25,53.88999938964844,53.88999938964844,13210700
2021-03-26,54.709999084472656,54.709999084472656,13528200
2021-03-29,53.349998474121094,53.349998474121094,9724800
2021-03-30,53.459999084472656,53.459999084472656,9497200
2021-03-31,54.5099983215332,54.5099983215332,14760500
2021-04-01,57.599998474121094,57.599998474121094,18703400
2021-04-05,57.400001525878906,57.400001525878906,13490200
2021-04-06,58.04999923706055,58.04999923706055,13579200
2021-04-07,56.88999938964844,56.88999938964844,12921900
2021-04-08,57.83000183105469,57.83000183105469,9498500
2021-04-09,57.68000030517578,57.68000030517578,10228500
2021-04-12,59.439998626708984,59.439998626708984,36041300
2021-04-13,60.63999938964844,60.63999938964844,21006100
2021-04-14,59.22999954223633,59.22999954223633,18959800
2021-04-15,60.7400016784668,60.7400016784668,17500200
2021-04-16,60.349998474121094,60.349998474121094,11856100
2021-04-19,57.849998474121094,57.849998474121094,16956900
2021-04-20,55.47999954223633,55.47999954223633,19081100
2021-04-21,55.77000045776367,55.77000045776367,11523900
2021-04-22,56.279998779296875,56.279998779296875,16936200
2021-04-23,57.93000030517578,57.93000030517578,8758800
2021-04-26,57.61000061035156,57.61000061035156,8361600
2021-04-27,57.15999984741211,57.15999984741211,12926800
2021-04-28,58.439998626708984,58.439998626708984,9269700
2021-04-29,54.93000030517578,54.93000030517578,43408000
2021-04-30,54.77000045776367,54.77000045776367,16736600
2021-05-03,54.849998474121094,54.849998474121094,13903300
2021-05-04,52.9900016784668,52.9900016784668,19336600
2021-05-05,51.18000030517578,51.18000030517578,43970500
2021-05-06,46.650001525878906,46.650001525878906,79242400
2021-05-07,47.029998779296875,47.029998779296875,27933900
2021-05-10,45.790000915527344,45.790000915527344,28309800
2021-05-11,46.209999084472656,46.209999084472656,29106900
2021-05-12,43.810001373291016,43.810001373291016,32117400
2021-05-13,44.47999954223633,44.47999954223633,36205100
2021-05-14,47.41999816894531,47.41999816894531,25323300
2021-05-17,47.5099983215332,47.5099983215332,17475300
2021-05-18,49.16999816894531,49.16999816894531,28244400
2021-05-19,49.470001220703125,49.470001220703125,16517500
2021-05-20,49.33000183105469,49.33000183105469,18822300
2021-05-21,48.81999969482422,48.81999969482422,20013200
2021-05-24,50.029998779296875,50.029998779296875,16768400
2021-05-25,50.459999084472656,50.459999084472656,16930900
2021-05-26,51.119998931884766,51.119998931884766,16393700
2021-05-27,50.709999084472656,50.709999084472656,51346000
2021-05-28,50.83000183105469,50.83000183105469,14226800
2021-06-01,50.97999954223633,50.97999954223633,16583800
2021-06-02,50.790000915527344,50.790000915527344,13484200
2021-06-03,48.70000076293945,48.70000076293945,14712900
2021-06-04,50.18000030517578,50.18000030517578,10409800
2021-06-07,50.7599983215332,50.7599983215332,16466200
2021-06-08,49.880001068115234,49.880001068115234,19672700
2021-06-09,49.13999938964844,49.13999938964844,12615200
2021-06-10,49.54999923706055,49.54999923706055,14926500
2021-06-11,50.0099983215332,50.0099983215332,12127100
2021-06-14,50.77000045776367,50.77000045776367,15437300
2021-06-15,49.29999923706055,49.29999923706055,20358600
2021-06-16,48.88999938964844,48.88999938964844,18975800
2021-06-17,49.70000076293945,49.70000076293945,18911400
2021-06-18,49.70000076293945,49.70000076293945,20633500
2021-06-21,48.119998931884766,48.119998931884766,30752200
2021-06-22,49.04999923706055,49.04999923706055,19472500
2021-06-23,50.5099983215332,50.5099983215332,19843300
2021-06-24,50.81999969482422,50.81999969482422,12403300
2021-06-25,51.72999954223633,51.72999954223633,25727800
2021-06-28,51.11000061035156,51.11000061035156,22518000
2021-06-29,50.7599983215332,50.7599983215332,14104200
2021-06-30,50.119998931884766,50.119998931884766,18069400
2021-07-01,50.59000015258789,50.59000015258789,17727600
2021-07-02,51.709999084472656,51.709999084472656,13690400
2021-07-06,50.79999923706055,50.79999923706055,21357800
2021-07-07,48.68000030517578,48.68000030517578,24559500
2021-07-08,47.54999923706055,47.54999923706055,24930200
2021-07-09,49.06999969482422,49.06999969482422,15401000
2021-07-12,48.40999984741211,48.40999984741211,14142300
2021-07-13,48.08000183105469,48.08000183105469,11283600
2021-07-14,47.150001525878906,47.150001525878906,15837000
2021-07-15,46.41999816894531,46.41999816894531,17225300
2021-07-16,46.189998626708984,46.189998626708984,18224500
2021-07-19,45.560001373291016,45.560001373291016,20890600
2021-07-20,46.31999969482422,46.31999969482422,13851400
2021-07-21,47.52000045776367,47.52000045776367,14953700
2021-07-22,47.56999969482422,47.56999969482422,11560800
2021-07-23,47.459999084472656,47.459999084472656,9540700
2021-07-26,46.810001373291016,46.810001373291016,12498000
2021-07-27,45.81999969482422,45.81999969482422,16874200
2021-07-28,46.13999938964844,46.13999938964844,19510300
2021-07-29,44.689998626708984,44.689998626708984,51033700
2021-07-30,43.459999084472656,43.459999084472656,22194900
2021-08-02,43.4900016784668,43.4900016784668,26579900
2021-08-03,42.790000915527344,42.790000915527344,37622200
2021-08-04,41.810001373291016,41.810001373291016,42969100
2021-08-05,43.06999969482422,43.06999969482422,60871500
2021-08-06,44.279998779296875,44.279998779296875,25514900
2021-08-09,43.25,43.25,19238400
2021-08-10,43.5,43.5,26675200
2021-08-11,43.08000183105469,43.08000183105469,21766100
2021-08-12,42.72999954223633,42.72999954223633,16549100
2021-08-13,42.220001220703125,42.220001220703125,8598800
2021-08-16,41.5,41.5,19223500
2021-08-17,41.0,41.0,20364400
2021-08-18,40.880001068115234,40.880001068115234,13682300
2021-08-19,39.86000061035156,39.86000061035156,22471400
2021-08-20,39.95000076293945,39.95000076293945,18080700
2021-08-23,41.0,41.0,33901300
2021-08-24,40.16999816894531,40.16999816894531,44872800
2021-08-25,41.54999923706055,41.54999923706055,26498400
2021-08-26,40.619998931884766,40.619998931884766,17473400
2021-08-27,40.689998626708984,40.689998626708984,13612500
2021-08-30,39.59000015258789,39.59000015258789,29516300
2021-08-31,39.13999938964844,39.13999938964844,26396000
2021-09-01,40.619998931884766,40.619998931884766,27788600
2021-09-02,41.400001525878906,41.400001525878906,20645400
2021-09-03,40.31999969482422,40.31999969482422,15444900
2021-09-07,40.95000076293945,40.95000076293945,15708600
2021-09-08,40.06999969482422,40.06999969482422,16219900
2021-09-09,40.349998474121094,40.349998474121094,14260300
2021-09-10,39.88999938964844,39.88999938964844,14230600
2021-09-13,40.06999969482422,40.06999969482422,28868800
2021-09-14,39.0099983215332,39.0099983215332,36717300
2021-09-15,38.47999954223633,38.47999954223633,30368800
2021-09-16,39.52000045776367,39.52000045776367,25374000
2021-09-17,39.75,39.75,32165000
2021-09-20,39.790000915527344,39.790000915527344,35417600
2021-09-21,44.36000061035156,44.36000061035156,106631700
2021-09-22,44.869998931884766,44.869998931884766,56455100
2021-09-23,45.47999954223633,45.47999954223633,26232800
2021-09-24,46.630001068115234,46.630001068115234,29458300
2021-09-27,47.25,47.25,23034800
2021-09-28,45.97999954223633,45.97999954223633,23707900
2021-09-29,44.52000045776367,44.52000045776367,24599500
2021-09-30,44.79999923706055,44.79999923706055,16650600
2021-10-01,47.04999923706055,47.04999923706055,25428300
2021-10-04,45.720001220703125,45.720001220703125,21588200
2021-10-05,45.61000061035156,45.61000061035156,12433900
2021-10-06,47.0099983215332,47.0099983215332,24868700
2021-10-07,47.90999984741211,47.90999984741211,25961600
2021-10-08,47.77000045776367,47.77000045776367,17980400
2021-10-11,46.290000915527344,46.290000915527344,16336800
2021-10-12,46.720001220703125,46.720001220703125,12404200
2021-10-13,46.40999984741211,46.40999984741211,13754400
2021-10-14,47.279998779296875,47.279998779296875,18514000
2021-10-15,48.36000061035156,48.36000061035156,20581700
2021-10-18,47.06999969482422,47.06999969482422,19806700
2021-10-19,47.04999923706055,47.04999923706055,16500200
2021-10-20,46.0,46.0,15570900
2021-10-21,46.470001220703125,46.470001220703125,15741000
2021-10-22,45.5099983215332,45.5099983215332,19259200
2021-10-25,45.720001220703125,45.720001220703125,12955500
2021-10-26,46.02000045776367,46.02000045776367,19491800
2021-10-27,44.72999954223633,44.72999954223633,26999800
2021-10-28,44.619998931884766,44.619998931884766,14768800
2021-10-29,43.81999969482422,43.81999969482422,18283200
2021-11-01,44.36000061035156,44.36000061035156,20983900
2021-11-02,42.88999938964844,42.88999938964844,28002600
2021-11-03,45.720001220703125,45.720001220703125,38499600
2021-11-04,45.27000045776367,45.27000045776367,31903000
2021-11-05,47.189998626708984,47.189998626708984,45641500
2021-11-08,45.88999938964844,45.88999938964844,25257900
2021-11-09,45.5099983215332,45.5099983215332,33588900
2021-11-10,43.380001068115234,43.380001068115234,33712200
2021-11-11,43.279998779296875,43.279998779296875,27307800
2021-11-12,45.119998931884766,45.119998931884766,29804600
2021-11-15,43.61000061035156,43.61000061035156,19690000
2021-11-16,45.7599983215332,45.7599983215332,46219700
2021-11-17,44.11000061035156,44.11000061035156,25036400
2021-11-18,45.0,45.0,27839900
2021-11-19,44.22999954223633,44.22999954223633,21465500
2021-11-22,42.599998474121094,42.599998474121094,31355200
2021-11-23,42.68000030517578,42.68000030517578,18099400
2021-11-24,42.08000183105469,42.08000183105469,17118200
2021-11-26,40.52000045776367,40.52000045776367,35453600
2021-11-29,39.70000076293945,39.70000076293945,27724400
2021-11-30,38.0,38.0,55268500
2021-12-01,36.02000045776367,36.02000045776367,47316400
2021-12-02,38.119998931884766,38.119998931884766,32267000
2021-12-03,35.849998474121094,35.849998474121094,47392700
2021-12-06,38.4900016784668,38.4900016784668,36689200
2021-12-07,38.08000183105469,38.08000183105469,40443300
2021-12-08,38.810001373291016,38.810001373291016,29688600
2021-12-09,37.540000915527344,37.540000915527344,22994800
2021-12-10,36.66999816894531,36.66999816894531,25760600
2021-12-13,35.72999954223633,35.72999954223633,38394700
2021-12-14,37.2599983215332,37.2599983215332,45491700
2021-12-15,37.83000183105469,37.83000183105469,37612600
2021-12-16,37.70000076293945,37.70000076293945,31478400
2021-12-17,39.68000030517578,39.68000030517578,51048100
2021-12-20,39.70000076293945,39.70000076293945,28153700
2021-12-21,41.970001220703125,41.970001220703125,28385200
2021-12-22,43.02000045776367,43.02000045776367,27675700
2021-12-23,43.90999984741211,43.90999984741211,21763400
2021-12-27,42.959999084472656,42.959999084472656,28285000
2021-12-28,42.540000915527344,42.540000915527344,21481000
2021-12-29,42.459999084472656,42.459999084472656,15908600
2021-12-30,42.65999984741211,42.65999984741211,13516300
2021-12-31,41.93000030517578,41.93000030517578,13746900
2022-01-03,43.95000076293945,43.95000076293945,26089000
2022-01-04,44.41999816894531,44.41999816894531,30845300
2022-01-05,43.2400016784668,43.2400016784668,28498700
2022-01-06,42.029998779296875,42.029998779296875,32434300
2022-01-07,41.5099983215332,41.5099983215332,24875800
2022-01-10,42.599998474121094,42.599998474121094,29783800
2022-01-11,43.619998931884766,43.619998931884766,22161000
2022-01-12,43.040000915527344,43.040000915527344,18993900
2022-01-13,42.869998931884766,42.869998931884766,17190100
2022-01-14,41.5099983215332,41.5099983215332,25817800
2022-01-18,38.40999984741211,38.40999984741211,36873700
2022-01-19,37.86000061035156,37.86000061035156,35552500
2022-01-20,37.81999969482422,37.81999969482422,21720100
2022-01-21,35.939998626708984,35.939998626708984,41836800
2022-01-24,36.279998779296875,36.279998779296875,49261600
2022-01-25,34.81999969482422,34.81999969482422,29577000
2022-01-26,34.79999923706055,34.79999923706055,29495900
2022-01-27,34.09000015258789,34.09000015258789,26086700
2022-01-28,35.209999084472656,35.209999084472656,28007100
2022-01-31,37.400001525878906,37.400001525878906,22899300
2022-02-01,38.61000061035156,38.61000061035156,19669900
2022-02-02,37.16999816894531,37.16999816894531,19591100
2022-02-03,34.540000915527344,34.540000915527344,32192100
2022-02-04,37.04999923706055,37.04999923706055,33082100
2022-02-07,37.540000915527344,37.540000915527344,30303200
2022-02-08,38.34000015258789,38.34000015258789,25857600
2022-02-09,40.189998626708984,40.189998626708984,52614100
2022-02-10,37.75,37.75,113915000
2022-02-11,35.290000915527344,35.290000915527344,72568400
2022-02-14,34.59000015258789,34.59000015258789,44556700
2022-02-15,37.09000015258789,37.09000015258789,38183500
2022-02-16,36.58000183105469,36.58000183105469,33165900
2022-02-17,35.709999084472656,35.709999084472656,28432100
2022-02-18,34.68000030517578,34.68000030517578,28199900
2022-02-22,33.68000030517578,33.68000030517578,28731300
2022-02-23,32.38999938964844,32.38999938964844,27254800
2022-02-24,34.869998931884766,34.869998931884766,42978100
2022-02-25,34.97999954223633,34.97999954223633,23691500
2022-02-28,36.029998779296875,36.029998779296875,44865200
2022-03-01,33.88999938964844,33.88999938964844,31436200
2022-03-02,34.040000915527344,34.040000915527344,26112500
2022-03-03,31.719999313354492,31.719999313354492,38337600
2022-03-04,29.829999923706055,29.829999923706055,52098700
2022-03-07,28.56999969482422,28.56999969482422,60265800
2022-03-08,30.739999771118164,30.739999771118164,55014700
2022-03-09,31.5,31.5,33734500
2022-03-10,30.40999984741211,30.40999984741211,30785900
2022-03-11,30.760000228881836,30.760000228881836,29454700
2022-03-14,29.270000457763672,29.270000457763672,41897400
2022-03-15,29.799999237060547,29.799999237060547,33060500
2022-03-16,32.61000061035156,32.61000061035156,34688800
2022-03-17,32.849998474121094,32.849998474121094,27278600
2022-03-18,33.36000061035156,33.36000061035156,35827800
2022-03-21,31.979999542236328,31.979999542236328,35200600
2022-03-22,33.349998474121094,33.349998474121094,21852800
2022-03-23,33.060001373291016,33.060001373291016,19024700
2022-03-24,34.70000076293945,34.70000076293945,52533600
2022-03-25,34.060001373291016,34.060001373291016,28078800
2022-03-28,34.77000045776367,34.77000045776367,22175200
2022-03-29,37.189998626708984,37.189998626708984,37969000
2022-03-30,36.58000183105469,36.58000183105469,22306500
2022-03-31,35.68000030517578,35.68000030517578,20608700
2022-04-01,35.97999954223633,35.97999954223633,16793300
2022-04-04,36.5099983215332,36.5099983215332,20217800
2022-04-05,34.959999084472656,34.959999084472656,20984200
2022-04-06,33.40999984741211,33.40999984741211,28854800
2022-04-07,32.27000045776367,32.27000045776367,34581000
2022-04-08,32.04999923706055,32.04999923706055,17991000
2022-04-11,32.040000915527344,32.040000915527344,19680300
2022-04-12,31.989999771118164,31.989999771118164,32619800
2022-04-13,32.630001068115234,32.630001068115234,20186400
2022-04-14,32.68000030517578,32.68000030517578,18763000
2022-04-18,31.790000915527344,31.790000915527344,24413800
2022-04-19,33.79999923706055,33.79999923706055,23319600
2022-04-20,33.209999084472656,33.209999084472656,21330500
2022-04-21,31.68000030517578,31.68000030517578,32937100
2022-04-22,30.829999923706055,30.829999923706055,22748900
2022-04-25,32.439998626708984,32.439998626708984,29416300
2022-04-26,31.329999923706055,31.329999923706055,26981900
2022-04-27,30.68000030517578,30.68000030517578,30762600
2022-04-28,32.81999969482422,32.81999969482422,30251600
2022-04-29,31.479999542236328,31.479999542236328,24948600
2022-05-02,30.389999389648438,30.389999389648438,45651000
2022-05-03,29.469999313354492,29.469999313354492,58340700
2022-05-04,28.100000381469727,28.100000381469727,115601800
2022-05-05,26.829999923706055,26.829999923706055,52804200
2022-05-06,26.06999969482422,26.06999969482422,56575100
2022-05-09,23.049999237060547,23.049999237060547,58095900
2022-05-10,23.670000076293945,23.670000076293945,47982500
2022-05-11,22.56999969482422,22.56999969482422,51137700
2022-05-12,23.290000915527344,23.290000915527344,63999300
2022-05-13,24.389999389648438,24.389999389648438,53577600
2022-05-16,23.59000015258789,23.59000015258789,27285200
2022-05-17,24.200000762939453,24.200000762939453,33859400
2022-05-18,22.459999084472656,22.459999084472656,35747300
2022-05-19,23.239999771118164,23.239999771118164,36461200
2022-05-20,23.350000381469727,23.350000381469727,32104700
2022-05-23,23.780000686645508,23.780000686645508,35204800
2022-05-24,21.549999237060547,21.549999237060547,40726100
2022-05-25,22.040000915527344,22.040000915527344,31270800
2022-05-26,23.100000381469727,23.100000381469727,30199400
2022-05-27,23.670000076293945,23.670000076293945,29710200
2022-05-31,23.200000762939453,23.200000762939453,33194800
2022-06-01,22.940000534057617,22.940000534057617,26383600
2022-06-02,24.739999771118164,24.739999771118164,30691100
2022-06-03,24.149999618530273,24.149999618530273,24283600
2022-06-06,24.729999542236328,24.729999542236328,29834700
2022-06-07,25.299999237060547,25.299999237060547,27453700
2022-06-08,25.829999923706055,25.829999923706055,31225300
2022-06-09,25.440000534057617,25.440000534057617,42063600
2022-06-10,23.719999313354492,23.719999313354492,29868000
2022-06-13,21.56999969482422,21.56999969482422,33130300
2022-06-14,21.09000015258789,21.09000015258789,43006300
2022-06-15,22.030000686645508,22.030000686645508,36073700
2022-06-16,20.469999313354492,20.469999313354492,55312400
2022-06-17,21.809999465942383,21.809999465942383,46728400
2022-06-21,21.760000228881836,21.760000228881836,35257700
2022-06-22,21.5,21.5,32314400
2022-06-23,22.3700008392334,22.3700008392334,27010500
2022-06-24,23.030000686645508,23.030000686645508,38140100
2022-06-27,22.860000610351562,22.860000610351562,27153400
2022-06-28,22.079999923706055,22.079999923706055,24350100
2022-06-29,21.469999313354492,21.469999313354492,30704800
2022-06-30,20.459999084472656,20.459999084472656,30882500
2022-07-01,21.34000015258789,21.34000015258789,20693300
2022-07-05,22.520000457763672,22.520000457763672,24500300
2022-07-06,21.5,21.5,32689400
2022-07-07,22.739999771118164,22.739999771118164,23121900
2022-07-08,22.34000015258789,22.34000015258789,20231300
2022-07-11,21.190000534057617,21.190000534057617,17546900
2022-07-12,21.56999969482422,21.56999969482422,17373500
2022-07-13,21.5,21.5,18994900
2022-07-14,20.649999618530273,20.649999618530273,31561700
2022-07-15,21.670000076293945,21.670000076293945,24503600
2022-07-18,22.579999923706055,22.579999923706055,30935900
2022-07-19,22.670000076293945,22.670000076293945,23148900
2022-07-20,24.1200008392334,24.1200008392334,27844600
2022-07-21,24.229999542236328,24.229999542236328,18425400
2022-07-22,23.299999237060547,23.299999237060547,20209400
2022-07-25,23.350000381469727,23.350000381469727,12923000
2022-07-26,22.549999237060547,22.549999237060547,24402800
2022-07-27,23.09000015258789,23.09000015258789,28384300
2022-07-28,23.309999465942383,23.309999465942383,22886100
2022-07-29,23.450000762939453,23.450000762939453,29406600
2022-08-01,24.600000381469727,24.600000381469727,46960700
2022-08-02,29.25,29.25,107926300
2022-08-03,30.190000534057617,30.190000534057617,62061200
2022-08-04,31.850000381469727,31.850000381469727,55573600
2022-08-05,32.0099983215332,32.0099983215332,39963600
2022-08-08,31.850000381469727,31.850000381469727,28064900
2022-08-09,31.059999465942383,31.059999465942383,27042900
2022-08-10,32.79999923706055,32.79999923706055,31318100
2022-08-11,32.2400016784668,32.2400016784668,24624600
2022-08-12,32.470001220703125,32.470001220703125,21950700
2022-08-15,32.4900016784668,32.4900016784668,14149200
2022-08-16,32.380001068115234,32.380001068115234,28072300
2022-08-17,30.719999313354492,30.719999313354492,24239400
2022-08-18,30.149999618530273,30.149999618530273,20831600
2022-08-19,29.010000228881836,29.010000228881836,24180900
2022-08-22,28.0,28.0,20233100
2022-08-23,27.809999465942383,27.809999465942383,24298300
2022-08-24,28.709999084472656,28.709999084472656,20022500
2022-08-25,29.6200008392334,29.6200008392334,15470900
2022-08-26,28.579999923706055,28.579999923706055,16490800
2022-08-29,28.739999771118164,28.739999771118164,17245100
2022-08-30,28.709999084472656,28.709999084472656,24409300
2022-08-31,28.760000228881836,28.760000228881836,20740700
2022-09-01,28.920000076293945,28.920000076293945,17828100
2022-09-02,29.049999237060547,29.049999237060547,14604400
2022-09-06,28.889999389648438,28.889999389648438,20422800
2022-09-07,30.030000686645508,30.030000686645508,20632200
2022-09-08,30.68000030517578,30.68000030517578,29393500
2022-09-09,31.780000686645508,31.780000686645508,28055900
2022-09-12,32.5,32.5,29349900
2022-09-13,31.31999969482422,31.31999969482422,29364700
2022-09-14,33.04999923706055,33.04999923706055,34493400
2022-09-15,33.130001068115234,33.130001068115234,41849100
2022-09-16,31.93000030517578,31.93000030517578,50970700
2022-09-19,31.489999771118164,31.489999771118164,22867600
2022-09-20,31.489999771118164,31.489999771118164,23652400
2022-09-21,30.469999313354492,30.469999313354492,22328400
2022-09-22,28.579999923706055,28.579999923706055,29038100
2022-09-23,27.81999969482422,27.81999969482422,26472600
2022-09-26,26.889999389648438,26.889999389648438,24953800
2022-09-27,27.56999969482422,27.56999969482422,22392800
2022-09-28,28.040000915527344,28.040000915527344,21290400
2022-09-29,26.420000076293945,26.420000076293945,26160700
2022-09-30,26.5,26.5,23894900
2022-10-03,26.719999313354492,26.719999313354492,19940800
2022-10-04,29.190000534057617,29.190000534057617,25462200
2022-10-05,29.18000030517578,29.18000030517578,21458500
2022-10-06,29.729999542236328,29.729999542236328,25399500
2022-10-07,28.06999969482422,28.06999969482422,19690200
2022-10-10,27.530000686645508,27.530000686645508,13413500
2022-10-11,24.65999984741211,24.65999984741211,92468800
2022-10-12,25.979999542236328,25.979999542236328,30945900
2022-10-13,25.0,25.0,32838500
2022-10-14,24.709999084472656,24.709999084472656,22540000
2022-10-17,25.940000534057617,25.940000534057617,25074900
2022-10-18,27.610000610351562,27.610000610351562,25643300
2022-10-19,27.530000686645508,27.530000686645508,15428500
2022-10-20,27.8700008392334,27.8700008392334,20835300
2022-10-21,28.020000457763672,28.020000457763672,20651600
2022-10-24,27.649999618530273,27.649999618530273,19194200
2022-10-25,28.360000610351562,28.360000610351562,17366400
2022-10-26,28.200000762939453,28.200000762939453,17315900
2022-10-27,27.81999969482422,27.81999969482422,16768600
2022-10-28,27.5,27.5,27116700
2022-10-31,26.56999969482422,26.56999969482422,37327000
2022-11-01,29.75,29.75,87994000
2022-11-02,28.809999465942383,28.809999465942383,37083500
2022-11-03,28.729999542236328,28.729999542236328,28033200
2022-11-04,28.389999389648438,28.389999389648438,22304200
2022-11-07,27.690000534057617,27.690000534057617,19204100
2022-11-08,27.440000534057617,27.440000534057617,27033900
2022-11-09,26.549999237060547,26.549999237060547,21186300
2022-11-10,28.850000381469727,28.850000381469727,35196900
2022-11-11,29.149999618530273,29.149999618530273,35861100
2022-11-14,29.06999969482422,29.06999969482422,24426200
2022-11-15,31.56999969482422,31.56999969482422,43066500
2022-11-16,30.040000915527344,30.040000915527344,26540200
2022-11-17,28.8799991607666,28.8799991607666,22684100
2022-11-18,28.959999084472656,28.959999084472656,15676300
2022-11-21,28.25,28.25,16159400
2022-11-22,28.079999923706055,28.079999923706055,20368600
2022-11-23,28.790000915527344,28.790000915527344,12964900
2022-11-25,28.5,28.5,5200400
2022-11-28,27.760000228881836,27.760000228881836,11120000
2022-11-29,27.760000228881836,27.760000228881836,15007800
2022-11-30,29.139999389648438,29.139999389648438,18177000
2022-12-01,28.34000015258789,28.34000015258789,18066600
2022-12-02,28.75,28.75,15980500
2022-12-05,27.700000762939453,27.700000762939453,17486300
2022-12-06,26.920000076293945,26.920000076293945,19772900
2022-12-07,26.399999618530273,26.399999618530273,21193900
2022-12-08,26.450000762939453,26.450000762939453,14909600
2022-12-09,26.549999237060547,26.549999237060547,14253500
2022-12-12,27.030000686645508,27.030000686645508,16483600
2022-12-13,26.979999542236328,26.979999542236328,27635400
2022-12-14,27.469999313354492,27.469999313354492,19427300
2022-12-15,26.239999771118164,26.239999771118164,19377800
2022-12-16,25.969999313354492,25.969999313354492,22684200
2022-12-19,24.950000762939453,24.950000762939453,35616100
2022-12-20,24.959999084472656,24.959999084472656,28536500
2022-12-21,25.360000610351562,25.360000610351562,20444500
2022-12-22,24.639999389648438,24.639999389648438,23752700
2022-12-23,24.639999389648438,24.639999389648438,11610000
2022-12-27,24.399999618530273,24.399999618530273,15258600
2022-12-28,24.59000015258789,24.59000015258789,15669200
2022-12-29,24.90999984741211,24.90999984741211,17828300
2022-12-30,24.729999542236328,24.729999542236328,20474100
2023-01-03,25.360000610351562,25.360000610351562,22155300
2023-01-04,25.90999984741211,25.90999984741211,14816000
2023-01-05,25.549999237060547,25.549999237060547,9942000
2023-01-06,26.399999618530273,26.399999618530273,19443800
2023-01-09,27.399999618530273,27.399999618530273,24962100
2023-01-10,28.040000915527344,28.040000915527344,15413700
2023-01-11,28.350000381469727,28.350000381469727,15421700
2023-01-12,29.030000686645508,29.030000686645508,17513400
2023-01-13,29.440000534057617,29.440000534057617,16940700
2023-01-17,29.200000762939453,29.200000762939453,20816500
2023-01-18,28.959999084472656,28.959999084472656,25257200
2023-01-19,29.030000686645508,29.030000686645508,15651500
2023-01-20,30.360000610351562,30.360000610351562,23008700
2023-01-23,30.530000686645508,30.530000686645508,22041100
2023-01-24,29.93000030517578,29.93000030517578,14464400
2023-01-25,30.290000915527344,30.290000915527344,14488100
2023-01-26,30.020000457763672,30.020000457763672,25383600
2023-01-27,30.360000610351562,30.360000610351562,18224000
2023-01-30,29.6299991607666,29.6299991607666,17969700
2023-01-31,30.93000030517578,30.93000030517578,15611500
2023-02-01,31.489999771118164,31.489999771118164,21206400
2023-02-02,33.04999923706055,33.04999923706055,32045500
2023-02-03,33.09000015258789,33.09000015258789,25804900
2023-02-06,33.900001525878906,33.900001525878906,33594900
2023-02-07,34.900001525878906,34.900001525878906,59374000
2023-02-08,36.83000183105469,36.83000183105469,109597800
2023-02-09,35.88999938964844,35.88999938964844,44068500
2023-02-10,34.29999923706055,34.29999923706055,41936400
2023-02-13,33.439998626708984,33.439998626708984,35043700
2023-02-14,35.22999954223633,35.22999954223633,38856500
2023-02-15,36.22999954223633,36.22999954223633,31443800
2023-02-16,36.220001220703125,36.220001220703125,28202700
2023-02-17,34.77000045776367,34.77000045776367,27946700
2023-02-21,34.20000076293945,34.20000076293945,24696800
2023-02-22,34.540000915527344,34.540000915527344,23294000
2023-02-23,34.470001220703125,34.470001220703125,23661700
2023-02-24,33.400001525878906,33.400001525878906,19101000
2023-02-27,33.54999923706055,33.54999923706055,19079100
2023-02-28,33.2599983215332,33.2599983215332,17144000
2023-03-01,32.9900016784668,32.9900016784668,14404700
2023-03-02,33.689998626708984,33.689998626708984,17967400
2023-03-03,34.56999969482422,34.56999969482422,14990400
2023-03-06,33.880001068115234,33.880001068115234,18903000
2023-03-07,34.13999938964844,34.13999938964844,25538400
2023-03-08,34.0099983215332,34.0099983215332,16174300
2023-03-09,32.31999969482422,32.31999969482422,27629700
2023-03-10,31.110000610351562,31.110000610351562,32553600
2023-03-13,30.81999969482422,30.81999969482422,24302600
2023-03-14,32.36000061035156,32.36000061035156,34241800
2023-03-15,31.969999313354492,31.969999313354492,28434900
2023-03-16,32.72999954223633,32.72999954223633,20044700
2023-03-17,31.780000686645508,31.780000686645508,27102500
2023-03-20,31.93000030517578,31.93000030517578,14157800
2023-03-21,32.86000061035156,32.86000061035156,19780200
2023-03-22,31.520000457763672,31.520000457763672,24636400
2023-03-23,31.18000030517578,31.18000030517578,16806900
2023-03-24,30.75,30.75,14775300
2023-03-27,30.6200008392334,30.6200008392334,17918000
2023-03-28,30.06999969482422,30.06999969482422,23087300
2023-03-29,30.8700008392334,30.8700008392334,18917500
2023-03-30,31.190000534057617,31.190000534057617,16261300
2023-03-31,31.700000762939453,31.700000762939453,14824600
2023-04-03,31.459999084472656,31.459999084472656,23529100
2023-04-04,31.389999389648438,31.389999389648438,15146900
2023-04-05,31.1200008392334,31.1200008392334,17243300
2023-04-06,31.18000030517578,31.18000030517578,14486900
2023-04-10,31.739999771118164,31.739999771118164,16463100
2023-04-11,31.1200008392334,31.1200008392334,16906500
2023-04-12,30.59000015258789,30.59000015258789,15964900
2023-04-13,31.440000534057617,31.440000534057617,15079600
2023-04-14,31.479999542236328,31.479999542236328,11851900
2023-04-17,32.08000183105469,32.08000183105469,25206200
2023-04-18,31.729999542236328,31.729999542236328,18698600
2023-04-19,32.040000915527344,32.040000915527344,13822000
2023-04-20,31.5,31.5,12747100
2023-04-21,30.829999923706055,30.829999923706055,40543100
2023-04-24,30.68000030517578,30.68000030517578,14596200
2023-04-25,29.59000015258789,29.59000015258789,20399200
2023-04-26,29.68000030517578,29.68000030517578,14277100
2023-04-27,29.700000762939453,29.700000762939453,27293700
2023-04-28,31.049999237060547,31.049999237060547,28516100
2023-05-01,32.7400016784668,32.7400016784668,49867100
2023-05-02,36.52000045776367,36.52000045776367,102993500
2023-05-03,37.84000015258789,37.84000015258789,68580800
2023-05-04,37.4900016784668,37.4900016784668,44819400
2023-05-05,37.75,37.75,24682900
2023-05-08,38.83000183105469,38.83000183105469,30992100
2023-05-09,38.189998626708984,38.189998626708984,19387000
2023-05-10,38.790000915527344,38.790000915527344,19531500
2023-05-11,38.41999816894531,38.41999816894531,16515600
2023-05-12,38.45000076293945,38.45000076293945,21626000
2023-05-15,38.13999938964844,38.13999938964844,17826600
2023-05-16,37.439998626708984,37.439998626708984,21829100
2023-05-17,37.84000015258789,37.84000015258789,19534400
2023-05-18,39.25,39.25,27828100
2023-05-19,39.18000030517578,39.18000030517578,19785500
2023-05-22,39.16999816894531,39.16999816894531,27581600
2023-05-23,38.65999984741211,38.65999984741211,18679400
2023-05-24,37.959999084472656,37.959999084472656,22074700
2023-05-25,37.95000076293945,37.95000076293945,18634200
2023-05-26,38.45000076293945,38.45000076293945,14427900
2023-05-30,37.560001373291016,37.560001373291016,18143200
2023-05-31,37.93000030517578,37.93000030517578,34506300
2023-06-01,38.47999954223633,38.47999954223633,17115300
2023-06-02,39.72999954223633,39.72999954223633,21219000
2023-06-05,40.41999816894531,40.41999816894531,24218600
2023-06-06,40.25,40.25,14570100
2023-06-07,38.9900016784668,38.9900016784668,23653900
2023-06-08,40.2599983215332,40.2599983215332,20301800
2023-06-09,40.9900016784668,40.9900016784668,21980700
2023-06-12,41.7400016784668,41.7400016784668,15987700
2023-06-13,41.40999984741211,41.40999984741211,16659600
2023-06-14,41.27000045776367,41.27000045776367,15077600
2023-06-15,43.36000061035156,43.36000061035156,41477800
2023-06-16,43.52000045776367,43.52000045776367,27986400
2023-06-20,42.16999816894531,42.16999816894531,19931300
2023-06-21,42.65999984741211,42.65999984741211,21916500
2023-06-22,42.810001373291016,42.810001373291016,19542100
2023-06-23,43.34000015258789,43.34000015258789,23186600
2023-06-26,44.41999816894531,44.41999816894531,33693000
2023-06-27,43.83000183105469,43.83000183105469,29652100
2023-06-28,44.2400016784668,44.2400016784668,28187400
2023-06-29,42.58000183105469,42.58000183105469,28595300
2023-06-30,43.16999816894531,43.16999816894531,17589200
2023-07-03,43.09000015258789,43.09000015258789,7578100
2023-07-05,43.65999984741211,43.65999984741211,15730400
2023-07-06,42.11000061035156,42.11000061035156,17983600
2023-07-07,42.90999984741211,42.90999984741211,14937600
2023-07-10,42.779998779296875,42.779998779296875,15821800
2023-07-11,44.36000061035156,44.36000061035156,32165000
2023-07-12,44.52000045776367,44.52000045776367,21830100
2023-07-13,45.63999938964844,45.63999938964844,21193200
2023-07-14,44.75,44.75,22054800
2023-07-17,45.5099983215332,45.5099983215332,21937900
2023-07-18,47.40999984741211,47.40999984741211,42599100
2023-07-19,47.119998931884766,47.119998931884766,21990900
2023-07-20,46.56999969482422,46.56999969482422,23085300
2023-07-21,47.22999954223633,47.22999954223633,20181200
2023-07-24,47.31999969482422,47.31999969482422,16669800
2023-07-25,47.16999816894531,47.16999816894531,14188200
2023-07-26,47.310001373291016,47.310001373291016,16666200
2023-07-27,46.61000061035156,46.61000061035156,17992000
2023-07-28,48.13999938964844,48.13999938964844,17154600
2023-07-31,49.459999084472656,49.459999084472656,38736800
2023-08-01,46.650001525878906,46.650001525878906,82097500
2023-08-02,46.959999084472656,46.959999084472656,36303800
2023-08-03,45.90999984741211,45.90999984741211,25248800
2023-08-04,45.20000076293945,45.20000076293945,25657600
2023-08-07,44.95000076293945,44.95000076293945,22122500
2023-08-08,45.15999984741211,45.15999984741211,14742200
2023-08-09,44.11000061035156,44.11000061035156,20113000
2023-08-10,44.599998474121094,44.599998474121094,16908200
2023-08-11,43.709999084472656,43.709999084472656,16181100
2023-08-14,44.849998474121094,44.849998474121094,15828800
2023-08-15,44.08000183105469,44.08000183105469,13404700
2023-08-16,43.650001525878906,43.650001525878906,14980800
2023-08-17,43.970001220703125,43.970001220703125,21326600
2023-08-18,44.689998626708984,44.689998626708984,17138000
2023-08-21,44.630001068115234,44.630001068115234,15362100
2023-08-22,44.349998474121094,44.349998474121094,13593100
2023-08-23,45.13999938964844,45.13999938964844,14625800
2023-08-24,44.68000030517578,44.68000030517578,18129600
2023-08-25,43.959999084472656,43.959999084472656,19132500
2023-08-28,44.150001525878906,44.150001525878906,10424100
2023-08-29,45.349998474121094,45.349998474121094,11335400
2023-08-30,46.5099983215332,46.5099983215332,19869400
2023-08-31,47.22999954223633,47.22999954223633,19263800
2023-09-01,47.040000915527344,47.040000915527344,14614500
2023-09-05,46.54999923706055,46.54999923706055,16461700
2023-09-06,45.900001525878906,45.900001525878906,14262700
2023-09-07,46.27000045776367,46.27000045776367,14972200
2023-09-08,47.2400016784668,47.2400016784668,15956900
2023-09-11,48.939998626708984,48.939998626708984,19007300
2023-09-12,47.91999816894531,47.91999816894531,18809000
2023-09-13,48.15999984741211,48.15999984741211,12691800
2023-09-14,48.31999969482422,48.31999969482422,13068200
2023-09-15,47.52000045776367,47.52000045776367,16130100
2023-09-18,46.5099983215332,46.5099983215332,15025500
2023-09-19,47.59000015258789,47.59000015258789,19180200
2023-09-20,46.54999923706055,46.54999923706055,22582000
2023-09-21,44.599998474121094,44.599998474121094,27865700
2023-09-22,44.40999984741211,44.40999984741211,16158700
2023-09-25,44.90999984741211,44.90999984741211,9175400
2023-09-26,44.27000045776367,44.27000045776367,11283600
2023-09-27,45.13999938964844,45.13999938964844,16835100
2023-09-28,46.13999938964844,46.13999938964844,22199200
2023-09-29,45.9900016784668,45.9900016784668,14247000
2023-10-02,45.68000030517578,45.68000030517578,14976700
2023-10-03,44.5099983215332,44.5099983215332,11033400
2023-10-04,44.939998626708984,44.939998626708984,12476100
2023-10-05,44.61000061035156,44.61000061035156,14518800
2023-10-06,45.779998779296875,45.779998779296875,14754800
2023-10-09,45.45000076293945,45.45000076293945,11422300
2023-10-10,46.630001068115234,46.630001068115234,14538600
2023-10-11,46.63999938964844,46.63999938964844,12985500
2023-10-12,45.95000076293945,45.95000076293945,15983600
2023-10-13,43.47999954223633,43.47999954223633,28195100
2023-10-16,44.709999084472656,44.709999084472656,20447100
2023-10-17,44.380001068115234,44.380001068115234,17337800
2023-10-18,43.0,43.0,15388000
2023-10-19,42.720001220703125,42.720001220703125,16090000
2023-10-20,42.959999084472656,42.959999084472656,13966100
2023-10-23,43.040000915527344,43.040000915527344,11277100
2023-10-24,44.189998626708984,44.189998626708984,17566500
2023-10-25,42.349998474121094,42.349998474121094,16495900
2023-10-26,40.619998931884766,40.619998931884766,23465500
2023-10-27,41.22999954223633,41.22999954223633,17098600
2023-10-30,42.72999954223633,42.72999954223633,21292700
2023-10-31,43.279998779296875,43.279998779296875,18414000
2023-11-01,43.83000183105469,43.83000183105469,18989300
2023-11-02,46.47999954223633,46.47999954223633,25816900
2023-11-03,47.75,47.75,21960700
2023-11-06,48.13999938964844,48.13999938964844,27843100
2023-11-07,49.91999816894531,49.91999816894531,81365400
2023-11-08,49.5,49.5,37726700
2023-11-09,50.04999923706055,50.04999923706055,29962300
2023-11-10,51.58000183105469,51.58000183105469,27228600
2023-11-13,52.2400016784668,52.2400016784668,21026900
2023-11-14,53.880001068115234,53.880001068115234,30621900
2023-11-15,53.7599983215332,53.7599983215332,22419700
2023-11-16,54.41999816894531,54.41999816894531,20810800
2023-11-17,54.439998626708984,54.439998626708984,16119500
2023-11-20,54.75,54.75,28511600
2023-11-21,54.849998474121094,54.849998474121094,34115500
2023-11-22,55.369998931884766,55.369998931884766,18459700
2023-11-24,55.31999969482422,55.31999969482422,10696800
2023-11-27,56.060001373291016,56.060001373291016,19101900
2023-11-28,56.209999084472656,56.209999084472656,20457500
2023-11-29,56.400001525878906,56.400001525878906,23496200
2023-11-30,56.380001068115234,56.380001068115234,32769800
2023-12-01,57.349998474121094,57.349998474121094,28539900
2023-12-04,58.630001068115234,58.630001068115234,85417300
2023-12-05,57.970001220703125,57.970001220703125,39170600
2023-12-06,59.75,59.75,33835000
2023-12-07,60.97999954223633,60.97999954223633,34410200
2023-12-08,61.70000076293945,61.70000076293945,28852100
2023-12-11,62.459999084472656,62.459999084472656,30389700
2023-12-12,62.720001220703125,62.720001220703125,27144300
2023-12-13,61.970001220703125,61.970001220703125,41661700
2023-12-14,62.5,62.5,44818100
2023-12-15,61.86000061035156,61.86000061035156,364261200
2023-12-18,61.72999954223633,61.72999954223633,28614000
2023-12-19,62.119998931884766,62.119998931884766,26813800
2023-12-20,60.68000030517578,60.68000030517578,28286100
2023-12-21,61.459999084472656,61.459999084472656,19999600
2023-12-22,61.709999084472656,61.709999084472656,14715600
2023-12-26,61.97999954223633,61.97999954223633,16077200
2023-12-27,63.279998779296875,63.279998779296875,20806000
2023-12-28,63.13999938964844,63.13999938964844,13795600
2023-12-29,61.56999969482422,61.56999969482422,21615400
2024-01-02,58.380001068115234,58.380001068115234,41978600
2024-01-03,58.25,58.25,31800600
2024-01-04,57.79999923706055,57.79999923706055,20370700
2024-01-05,57.58000183105469,57.58000183105469,17886300
2024-01-08,59.0099983215332,59.0099983215332,21213000
2024-01-09,60.29999923706055,60.29999923706055,22319900
2024-01-10,62.40999984741211,62.40999984741211,30788900
2024-01-11,63.470001220703125,63.470001220703125,28888900
2024-01-12,63.20000076293945,63.20000076293945,26374700
2024-01-16,63.650001525878906,63.650001525878906,19511800
2024-01-17,63.119998931884766,63.119998931884766,19971600
2024-01-18,64.87999725341797,64.87999725341797,24149900
2024-01-19,65.11000061035156,65.11000061035156,20339400
2024-01-22,64.55000305175781,64.55000305175781,17851700
2024-01-23,64.31999969482422,64.31999969482422,13619600
2024-01-24,63.7599983215332,63.7599983215332,17238100
2024-01-25,66.0,66.0,21963000
2024-01-26,65.5199966430664,65.5199966430664,13099600
2024-01-29,66.9800033569336,66.9800033569336,15902000
2024-01-30,66.83999633789062,66.83999633789062,17562100
2024-01-31,65.2699966430664,65.2699966430664,17026400
2024-02-01,66.7300033569336,66.7300033569336,12504200
2024-02-02,68.06999969482422,68.06999969482422,18671800
2024-02-05,68.98999786376953,68.98999786376953,26079500
2024-02-06,70.47000122070312,70.47000122070312,34464000
2024-02-07,70.6500015258789,70.6500015258789,43367000
2024-02-08,71.61000061035156,71.61000061035156,21618200
2024-02-09,70.91000366210938,70.91000366210938,20858700
2024-02-12,69.12000274658203,69.12000274658203,19554900
2024-02-13,68.98999786376953,68.98999786376953,22857100
2024-02-14,79.1500015258789,79.1500015258789,69846700
2024-02-15,81.38999938964844,81.38999938964844,40330200
2024-02-16,78.41000366210938,78.41000366210938,24457500
2024-02-20,76.5999984741211,76.5999984741211,24203100
2024-02-21,76.44000244140625,76.44000244140625,15073500
2024-02-22,78.02999877929688,78.02999877929688,16766400
2024-02-23,78.19999694824219,78.19999694824219,15648800
2024-02-26,78.36000061035156,78.36000061035156,16617300
2024-02-27,78.75,78.75,13707300
2024-02-28,77.7300033569336,77.7300033569336,11853100
2024-02-29,79.5,79.5,19405500
2024-03-01,81.02999877929688,81.02999877929688,18528700
2024-03-04,81.30000305175781,81.30000305175781,15989200
2024-03-05,79.08999633789062,79.08999633789062,19761600
2024-03-06,78.63999938964844,78.63999938964844,13734700
2024-03-07,79.41000366210938,79.41000366210938,13873300
2024-03-08,78.69999694824219,78.69999694824219,16414900
2024-03-11,77.47000122070312,77.47000122070312,13781400
2024-03-12,78.31999969482422,78.31999969482422,11303800
2024-03-13,78.25,78.25,12065100
2024-03-14,77.6500015258789,77.6500015258789,12737200
2024-03-15,76.06999969482422,76.06999969482422,24554900
2024-03-18,75.69999694824219,75.69999694824219,18936700
2024-03-19,77.08000183105469,77.08000183105469,13035200
2024-03-20,78.63999938964844,78.63999938964844,11490400
2024-03-21,80.25,80.25,16191100
2024-03-22,80.2300033569336,80.2300033569336,8872400
2024-03-25,79.41000366210938,79.41000366210938,10254300
2024-03-26,77.91000366210938,77.91000366210938,12438300
2024-03-27,78.11000061035156,78.11000061035156,13157000
2024-03-28,76.98999786376953,76.98999786376953,13421900
2024-04-01,76.4000015258789,76.4000015258789,12201800
2024-04-02,76.9800033569336,76.9800033569336,15838800
2024-04-03,76.80999755859375,76.80999755859375,19883100
2024-04-04,74.91999816894531,74.91999816894531,17191300
2024-04-05,77.16000366210938,77.16000366210938,21572000
2024-04-08,75.02999877929688,75.02999877929688,22867600
2024-04-09,75.13999938964844,75.13999938964844,13756300
2024-04-10,74.3499984741211,74.3499984741211,12533900
2024-04-11,76.18000030517578,76.18000030517578,13653600
2024-04-12,75.27999877929688,75.27999877929688,11590800
2024-04-15,73.4000015258789,73.4000015258789,16093400
2024-04-16,74.12999725341797,74.12999725341797,14513100
2024-04-17,71.94000244140625,71.94000244140625,15363100
2024-04-18,71.30000305175781,71.30000305175781,20426000
2024-04-19,69.19999694824219,69.19999694824219,23186000
2024-04-22,68.9800033569336,68.9800033569336,26804900
2024-04-23,70.80000305175781,70.80000305175781,16814200
2024-04-24,69.36000061035156,69.36000061035156,27515600
2024-04-25,69.30999755859375,69.30999755859375,20545200
2024-04-26,69.05000305175781,69.05000305175781,16187600
2024-04-29,67.4000015258789,67.4000015258789,20102600
2024-04-30,66.2699966430664,66.2699966430664,22707300
2024-05-01,67.79000091552734,67.79000091552734,21266700
2024-05-02,68.56999969482422,68.56999969482422,18229300
2024-05-03,69.2300033569336,69.2300033569336,15557700
2024-05-06,71.51000213623047,71.51000213623047,25001900
2024-05-07,70.43000030517578,70.43000030517578,24427300
2024-05-08,66.4000015258789,66.4000015258789,84220000
2024-05-09,67.93000030517578,67.93000030517578,27965500
2024-05-10,66.98999786376953,66.98999786376953,18924400
2024-05-13,66.0199966430664,66.0199966430664,18983100
2024-05-14,65.31999969482422,65.31999969482422,19462300
2024-05-15,66.62000274658203,66.62000274658203,16308700
2024-05-16,66.05000305175781,66.05000305175781,19923500
2024-05-17,65.66999816894531,65.66999816894531,15703300
2024-05-20,64.6500015258789,64.6500015258789,15864400
2024-05-21,63.970001220703125,63.970001220703125,16592500
2024-05-22,65.4800033569336,65.4800033569336,22562100
2024-05-23,63.599998474121094,63.599998474121094,20115000
2024-05-24,64.26000213623047,64.26000213623047,10385900
2024-05-28,63.52000045776367,63.52000045776367,14213300
2024-05-29,64.93000030517578,64.93000030517578,16987900
2024-05-30,64.12000274658203,64.12000274658203,12689100
2024-05-31,64.55999755859375,64.55999755859375,17322400
2024-06-03,63.790000915527344,63.790000915527344,14922200
2024-06-04,64.55000305175781,64.55000305175781,12689200
2024-06-05,65.81999969482422,65.81999969482422,19513500
2024-06-06,68.9000015258789,68.9000015258789,25871500
2024-06-07,69.30999755859375,69.30999755859375,13932600
2024-06-10,68.5999984741211,68.5999984741211,19152300
2024-06-11,69.58999633789062,69.58999633789062,12741200
2024-06-12,73.1500015258789,73.1500015258789,24435500
2024-06-13,70.86000061035156,70.86000061035156,17109400
2024-06-14,70.05999755859375,70.05999755859375,11601100
2024-06-17,70.48999786376953,70.48999786376953,14760500
2024-06-18,70.33000183105469,70.33000183105469,9511600
2024-06-20,70.30000305175781,70.30000305175781,10662400
2024-06-21,70.20999908447266,70.20999908447266,20757700
2024-06-24,70.54000091552734,70.54000091552734,12479300
2024-06-25,71.37999725341797,71.37999725341797,18888700
2024-06-26,70.8499984741211,70.8499984741211,10232600
2024-06-27,70.33999633789062,70.33999633789062,9650500
2024-06-28,72.68000030517578,72.68000030517578,21375900
2024-07-01,71.0999984741211,71.0999984741211,13438700
2024-07-02,70.66999816894531,70.66999816894531,14319000
2024-07-03,71.30000305175781,71.30000305175781,7869800
2024-07-05,71.05999755859375,71.05999755859375,6599200
2024-07-08,71.25,71.25,7231100
2024-07-09,71.31999969482422,71.31999969482422,8757900
2024-07-10,69.2699966430664,69.2699966430664,14638800
2024-07-11,73.52999877929688,73.52999877929688,26702500
2024-07-12,72.43000030517578,72.43000030517578,14683700
2024-07-15,72.29000091552734,72.29000091552734,13472600
2024-07-16,74.30000305175781,74.30000305175781,17529000
2024-07-17,68.62000274658203,68.62000274658203,27884400
2024-07-18,66.26000213623047,66.26000213623047,21988900
2024-07-19,67.30999755859375,67.30999755859375,12809600
2024-07-22,67.7300033569336,67.7300033569336,13408000
2024-07-23,67.5199966430664,67.5199966430664,9539800
2024-07-24,66.13999938964844,66.13999938964844,15187100
2024-07-25,65.73999786376953,65.73999786376953,22596900
2024-07-26,64.4000015258789,64.4000015258789,17379400
2024-07-29,63.7599983215332,63.7599983215332,16907000
2024-07-30,63.09000015258789,63.09000015258789,16506200
2024-07-31,64.47000122070312,64.47000122070312,18209700
2024-08-01,61.02000045776367,61.02000045776367,18967900
2024-08-02,58.9900016784668,58.9900016784668,27654600
2024-08-05,58.47999954223633,58.47999954223633,32063700
2024-08-06,64.87000274658203,64.87000274658203,53336900
2024-08-07,65.54000091552734,65.54000091552734,31493600
2024-08-08,69.01000213623047,69.01000213623047,21779100
2024-08-09,68.54000091552734,68.54000091552734,12770300
2024-08-12,69.26000213623047,69.26000213623047,10826100
2024-08-13,71.05999755859375,71.05999755859375,15472500
2024-08-14,71.93000030517578,71.93000030517578,12337000
2024-08-15,72.7300033569336,72.7300033569336,13711300
2024-08-16,72.04000091552734,72.04000091552734,11548300
2024-08-19,74.18000030517578,74.18000030517578,13821300
2024-08-20,73.30999755859375,73.30999755859375,10246500
2024-08-21,73.4800033569336,73.4800033569336,9290200
2024-08-22,73.30999755859375,73.30999755859375,9571900
2024-08-23,74.30000305175781,74.30000305175781,13065600
2024-08-26,72.61000061035156,72.61000061035156,10999900
2024-08-27,72.55999755859375,72.55999755859375,7294100
2024-08-28,71.8499984741211,71.8499984741211,9529400
2024-08-29,72.23999786376953,72.23999786376953,9300800
2024-08-30,73.12999725341797,73.12999725341797,12676900
2024-09-03,71.88999938964844,71.88999938964844,13053300
2024-09-04,71.55999755859375,71.55999755859375,7995800
2024-09-05,71.25,71.25,8890900
2024-09-06,69.58000183105469,69.58000183105469,11449800
2024-09-09,69.80000305175781,69.80000305175781,8804600
2024-09-10,68.98999786376953,68.98999786376953,20227200
2024-09-11,70.11000061035156,70.11000061035156,14671900
2024-09-12,68.08999633789062,68.08999633789062,16357900
2024-09-13,72.4800033569336,72.4800033569336,30376500
2024-09-16,71.5199966430664,71.5199966430664,12016700
2024-09-17,72.77999877929688,72.77999877929688,14639800
2024-09-18,73.5,73.5,11720900
2024-09-19,75.27999877929688,75.27999877929688,17698400
2024-09-20,73.94000244140625,73.94000244140625,17472700
2024-09-23,74.70999908447266,74.70999908447266,8285300
2024-09-24,77.44000244140625,77.44000244140625,16099200
2024-09-25,77.13999938964844,77.13999938964844,12552600
2024-09-26,76.69000244140625,76.69000244140625,14788600
2024-09-27,75.75,75.75,7580100
2024-09-30,75.16000366210938,75.16000366210938,12991100
2024-10-01,74.23999786376953,74.23999786376953,8980500
2024-10-02,72.87000274658203,72.87000274658203,11323400
2024-10-03,72.94000244140625,72.94000244140625,11096300
2024-10-04,74.27999877929688,74.27999877929688,10750300
2024-10-07,74.58999633789062,74.58999633789062,15328800
2024-10-08,76.16999816894531,76.16999816894531,17800300
2024-10-09,77.87000274658203,77.87000274658203,17251100
2024-10-10,77.91999816894531,77.91999816894531,15033600
2024-10-11,86.33999633789062,86.33999633789062,57290500
2024-10-14,84.94000244140625,84.94000244140625,14752400
2024-10-15,83.19999694824219,83.19999694824219,14858500
2024-10-16,81.9000015258789,81.9000015258789,12398500
2024-10-17,79.9000015258789,79.9000015258789,27373200
2024-10-18,79.16000366210938,79.16000366210938,14186700
2024-10-21,80.45999908447266,80.45999908447266,11238700
2024-10-22,80.41000366210938,80.41000366210938,10754000
2024-10-23,79.83000183105469,79.83000183105469,8689900
2024-10-24,78.37999725341797,78.37999725341797,15220900
2024-10-25,77.62000274658203,77.62000274658203,11727400
2024-10-28,77.69000244140625,77.69000244140625,9311900
2024-10-29,79.20999908447266,79.20999908447266,14469600
2024-10-30,79.43000030517578,79.43000030517578,14997700
2024-10-31,72.05000305175781,72.05000305175781,64047100
2024-11-01,73.25,73.25,33542200
2024-11-04,73.25,73.25,14949100
2024-11-05,74.1500015258789,74.1500015258789,12274600
2024-11-06,74.36000061035156,74.36000061035156,26410700
2024-11-07,73.12999725341797,73.12999725341797,24305900
2024-11-08,72.04000091552734,72.04000091552734,20152600
2024-11-11,71.6500015258789,71.6500015258789,22682200
2024-11-12,71.37000274658203,71.37000274658203,19439700
2024-11-13,71.16000366210938,71.16000366210938,15006000
2024-11-14,71.44000244140625,71.44000244140625,17372200
2024-11-15,73.25,73.25,23980900
2024-11-18,69.33000183105469,69.33000183105469,45212500
2024-11-19,69.12999725341797,69.12999725341797,22289100
2024-11-20,69.5999984741211,69.5999984741211,16656600
2024-11-21,69.63999938964844,69.63999938964844,25657700
2024-11-22,71.51000213623047,71.51000213623047,14874100
2024-11-25,73.41999816894531,73.41999816894531,17446600
2024-11-26,71.55999755859375,71.55999755859375,13704900
2024-11-27,71.62000274658203,71.62000274658203,12967800
2024-11-29,71.95999908447266,71.95999908447266,7348700
2024-12-02,73.06999969482422,73.06999969482422,11574600
2024-12-03,71.2699966430664,71.2699966430664,12760500
2024-12-04,72.16000366210938,72.16000366210938,17263100
2024-12-05,65.2300033569336,65.2300033569336,77320400
2024-12-06,66.08999633789062,66.08999633789062,36413200
2024-12-09,65.73999786376953,65.73999786376953,27602900
2024-12-10,64.95999908447266,64.95999908447266,23672900
2024-12-11,61.18000030517578,61.18000030517578,71089500
2024-12-12,61.40999984741211,61.40999984741211,45673200
2024-12-13,59.93000030517578,59.93000030517578,47325300
2024-12-16,60.25,60.25,38612400
2024-12-17,61.029998779296875,61.029998779296875,35025500
2024-12-18,61.22999954223633,61.22999954223633,46736700
2024-12-19,60.209999084472656,60.209999084472656,27811400
2024-12-20,60.72999954223633,60.72999954223633,26377700
2024-12-23,61.869998931884766,61.869998931884766,16093600
2024-12-24,61.709999084472656,61.709999084472656,7882500
2024-12-26,61.560001373291016,61.560001373291016,12659000
2024-12-27,61.130001068115234,61.130001068115234,13483600
2024-12-30,60.77000045776367,60.77000045776367,17709200
2024-12-31,60.31999969482422,60.31999969482422,14487300
2025-01-02,63.16999816894531,63.16999816894531,25899100
2025-01-03,64.58999633789062,64.58999633789062,28553800
2025-01-06,66.30999755859375,66.30999755859375,32980700
2025-01-07,66.1500015258789,66.1500015258789,35347800
2025-01-08,64.91000366210938,64.91000366210938,24523300
2025-01-10,65.97000122070312,65.97000122070312,30728800
2025-01-13,65.69999694824219,65.69999694824219,23960100
2025-01-14,64.83999633789062,64.83999633789062,25735800
2025-01-15,67.0199966430664,67.0199966430664,22704800
2025-01-16,68.58000183105469,68.58000183105469,29013100
2025-01-17,67.33999633789062,67.33999633789062,27139200
2025-01-21,67.73999786376953,67.73999786376953,21423600
2025-01-22,67.81999969482422,67.81999969482422,18130000
2025-01-23,68.30000305175781,68.30000305175781,15355400
2025-01-24,68.55999755859375,68.55999755859375,14360300
2025-01-27,68.7699966430664,68.7699966430664,20904600
2025-01-28,68.06999969482422,68.06999969482422,24988500
2025-01-29,66.75,66.75,29592600
2025-01-30,66.58999633789062,66.58999633789062,33246500
2025-01-31,66.8499984741211,66.8499984741211,19776000
2025-02-03,67.29000091552734,67.29000091552734,25290000
2025-02-04,69.75,69.75,33786200
2025-02-05,64.4800033569336,64.4800033569336,78975900
2025-02-06,69.98999786376953,69.98999786376953,45940200
2025-02-07,74.5999984741211,74.5999984741211,81813200
2025-02-10,78.62999725341797,78.62999725341797,42551700
2025-02-11,76.94999694824219,76.94999694824219,27329600
2025-02-12,79.3499984741211,79.3499984741211,33142400
2025-02-13,80.29000091552734,80.29000091552734,21754700
2025-02-14,79.41999816894531,79.41999816894531,15405700
2025-02-18,81.48999786376953,81.48999786376953,18943200
2025-02-19,81.16000366210938,81.16000366210938,14973400
2025-02-20,81.26000213623047,81.26000213623047,14770300
2025-02-21,78.88999938964844,78.88999938964844,21774300
2025-02-24,76.41999816894531,76.41999816894531,24368400
2025-02-25,74.94999694824219,74.94999694824219,19559200
2025-02-26,75.87000274658203,75.87000274658203,10328900
2025-02-27,74.20999908447266,74.20999908447266,22535900
2025-02-28,76.01000213623047,76.01000213623047,17752000
2025-03-03,74.44000244140625,74.44000244140625,16999500
2025-03-04,75.26000213623047,75.26000213623047,24241200
2025-03-05,76.4800033569336,76.4800033569336,13122300
2025-03-06,74.95999908447266,74.95999908447266,16504900
2025-03-07,76.2699966430664,76.2699966430664,18610400
2025-03-10,73.05999755859375,73.05999755859375,22120100
2025-03-11,70.6500015258789,70.6500015258789,26668200
2025-03-12,71.19999694824219,71.19999694824219,17315000
2025-03-13,69.51000213623047,69.51000213623047,15272200
2025-03-14,71.55000305175781,71.55000305175781,13537300
2025-03-17,72.7300033569336,72.7300033569336,20577800
2025-03-18,71.55000305175781,71.55000305175781,16137500
2025-03-19,73.0199966430664,73.0199966430664,15042100
2025-03-20,74.3499984741211,74.3499984741211,17851400
2025-03-21,75.83999633789062,75.83999633789062,26551400
2025-03-24,76.51000213623047,76.51000213623047,18126300
2025-03-25,75.61000061035156,75.61000061035156,16065900
2025-03-26,74.18000030517578,74.18000030517578,11828600
2025-03-27,74.86000061035156,74.86000061035156,11866800
2025-03-28,72.75,72.75,11277900
2025-03-31,72.86000061035156,72.86000061035156,16033100
2025-04-01,72.98999786376953,72.98999786376953,16889200
2025-04-02,74.5,74.5,14806900
2025-04-03,69.8499984741211,69.8499984741211,23290800
2025-04-04,64.62000274658203,64.62000274658203,34938700
2025-04-07,65.63999938964844,65.63999938964844,32841700
2025-04-08,65.06999969482422,65.06999969482422,24045200
2025-04-09,72.68000030517578,72.68000030517578,30148800
2025-04-10,70.94000244140625,70.94000244140625,22373900
2025-04-11,72.27999877929688,72.27999877929688,16274600
2025-04-14,73.0999984741211,73.0999984741211,12483200
2025-04-15,74.0199966430664,74.0199966430664,13790200
2025-04-16,73.05999755859375,73.05999755859375,15990800
2025-04-17,75.23999786376953,75.23999786376953,21893400
2025-04-21,72.91999816894531,72.91999816894531,20634600
2025-04-22,74.44000244140625,74.44000244140625,16599300
2025-04-23,73.7699966430664,73.7699966430664,22750200
2025-04-24,78.0999984741211,78.0999984741211,22188500
2025-04-25,77.75,77.75,20047800
2025-04-28,78.33000183105469,78.33000183105469,13324200
2025-04-29,79.41999816894531,79.41999816894531,12172200
2025-04-30,81.01000213623047,81.01000213623047,17762800
2025-05-01,80.88999938964844,80.88999938964844,18698500
2025-05-02,84.27999877929688,84.27999877929688,22401800
2025-05-05,85.43000030517578,85.43000030517578,25339000
2025-05-06,85.83000183105469,85.83000183105469,30378900
2025-05-07,83.6500015258789,83.6500015258789,49238800
2025-05-08,82.30000305175781,82.30000305175781,24293100
2025-05-09,82.80999755859375,82.80999755859375,19105400
2025-05-12,88.0999984741211,88.0999984741211,39104600
2025-05-13,91.72000122070312,91.72000122070312,36770800
2025-05-14,90.41000366210938,90.41000366210938,30640100
2025-05-15,90.16000366210938,90.16000366210938,20481600
2025-05-16,91.79000091552734,91.79000091552734,21909600
2025-05-19,92.45999908447266,92.45999908447266,19252100
2025-05-20,91.87000274658203,91.87000274658203,20851300
2025-05-21,88.66999816894531,88.66999816894531,25035100
2025-05-22,88.0,88.0,16496000
2025-05-23,87.75,87.75,17929700
2025-05-27,89.0,89.0,17446900
2025-05-28,88.26000213623047,88.26000213623047,13810300
2025-05-29,84.30000305175781,84.30000305175781,38116300
2025-05-30,84.16000366210938,84.16000366210938,29050900
2025-06-02,83.63999938964844,83.63999938964844,17047000
2025-06-03,82.52999877929688,82.52999877929688,25668400
2025-06-04,83.44999694824219,83.44999694824219,20080500
2025-06-05,84.66999816894531,84.66999816894531,33304500
2025-06-06,85.5999984741211,85.5999984741211,28172700
2025-06-09,87.12000274658203,87.12000274658203,22780800
2025-06-10,86.38999938964844,86.38999938964844,24494800
2025-06-11,86.58000183105469,86.58000183105469,15364200
2025-06-12,85.62000274658203,85.62000274658203,18776100
2025-06-13,83.93000030517578,83.93000030517578,18003000
2025-06-16,85.12000274658203,85.12000274658203,12254200
2025-06-17,84.76000213623047,84.76000213623047,13677800
2025-06-18,83.44000244140625,83.44000244140625,25976700
2025-06-20,83.77999877929688,83.77999877929688,27472100
2025-06-23,85.23999786376953,85.23999786376953,18407500
2025-06-24,91.6500015258789,91.6500015258789,38925100
2025-06-25,90.9000015258789,90.9000015258789,17400800
2025-06-26,93.12000274658203,93.12000274658203,23657800
2025-06-27,91.52999877929688,91.52999877929688,24731200
2025-06-30,93.30000305175781,93.30000305175781,16155300
2025-07-01,92.12999725341797,92.12999725341797,17124000
2025-07-02,92.05000305175781,92.05000305175781,13604000
2025-07-03,93.62999725341797,93.62999725341797,8112600
2025-07-07,96.68000030517578,96.68000030517578,29817200
2025-07-08,97.4800033569336,97.4800033569336,20586800
2025-07-09,96.63999938964844,96.63999938964844,14858900
2025-07-10,96.4000015258789,96.4000015258789,15644400
2025-07-11,95.38999938964844,95.38999938964844,12453500
2025-07-14,93.88999938964844,93.88999938964844,14300200
2025-07-15,92.20999908447266,92.20999908447266,18488400
2025-07-16,90.75,90.75,17636000
2025-07-17,90.5,90.5,16903600
2025-07-18,90.58999633789062,90.58999633789062,14223500
2025-07-21,91.16000366210938,91.16000366210938,12150600
2025-07-22,91.79000091552734,91.79000091552734,11561800
2025-07-23,89.94000244140625,89.94000244140625,18617900
2025-07-24,90.87000274658203,90.87000274658203,23446200
2025-07-25,91.29000091552734,91.29000091552734,13864100
2025-07-28,90.5999984741211,90.5999984741211,11606100
2025-07-29,87.11000061035156,87.11000061035156,24966200
2025-07-30,87.63999938964844,87.63999938964844,16862800
2025-07-31,87.75,87.75,16922400
2025-08-01,86.91000366210938,86.91000366210938,15732500
2025-08-04,88.43000030517578,88.43000030517578,15138900
2025-08-05,89.38999938964844,89.38999938964844,25856000
2025-08-06,89.22000122070312,89.22000122070312,40169800
2025-08-07,92.66999816894531,92.66999816894531,28522200
2025-08-08,89.55999755859375,89.55999755859375,26212500
2025-08-11,90.58000183105469,90.58000183105469,16668900
2025-08-12,91.7300033569336,91.7300033569336,12509000
2025-08-13,90.83000183105469,90.83000183105469,16867300
2025-08-14,91.4000015258789,91.4000015258789,14525100
2025-08-15,92.5999984741211,92.5999984741211,15841800
2025-08-18,93.9800033569336,93.9800033569336,16471300
2025-08-19,95.31999969482422,95.31999969482422,21177300
2025-08-20,93.7300033569336,93.7300033569336,15194800
2025-08-21,94.2300033569336,94.2300033569336,12864100
2025-08-22,96.79000091552734,96.79000091552734,15584900
2025-08-25,95.16000366210938,95.16000366210938,10938100
2025-08-26,96.52999877929688,96.52999877929688,17163400
2025-08-27,95.33000183105469,95.33000183105469,11364300
2025-08-28,95.95999908447266,95.95999908447266,12024300
2025-08-29,93.75,93.75,19310000
2025-09-02,92.80999755859375,92.80999755859375,12883300
2025-09-03,92.94000244140625,92.94000244140625,12052200
2025-09-04,91.9800033569336,91.9800033569336,15960100
2025-09-05,90.98999786376953,90.98999786376953,20384500
2025-09-08,94.36000061035156,94.36000061035156,18906600
2025-09-09,95.44999694824219,95.44999694824219,11850200
2025-09-10,94.20999908447266,94.20999908447266,15944200
2025-09-11,94.68000030517578,94.68000030517578,16190100
2025-09-12,95.88999938964844,95.88999938964844,13659200
2025-09-15,98.8499984741211,98.8499984741211,18652400
2025-09-16,97.83000183105469,97.83000183105469,17257900
2025-09-17,92.94999694824219,92.94999694824219,44094000
2025-09-18,94.69999694824219,94.69999694824219,23075200
2025-09-19,98.51000213623047,98.51000213623047,38735000
2025-09-22,99.38999938964844,99.38999938964844,29820100
2025-09-23,97.80000305175781,97.80000305175781,15101100
2025-09-24,97.77999877929688,97.77999877929688,12523400
2025-09-25,97.5999984741211,97.5999984741211,11255800
2025-09-26,98.44999694824219,98.44999694824219,10356100
2025-09-29,99.56999969482422,99.56999969482422,16320900
2025-09-30,97.97000122070312,97.97000122070312,16793400
2025-10-01,96.61000061035156,96.61000061035156,16608500
2025-10-02,96.61000061035156,96.61000061035156,16046400
2025-10-03,96.5999984741211,96.5999984741211,10556400
2025-10-06,100.0999984741211,100.0999984741211,22760900
2025-10-07,97.80000305175781,97.80000305175781,12583600
2025-10-08,99.27999877929688,99.27999877929688,10071200
2025-10-09,96.0,96.0,13435700
2025-10-10,93.4000015258789,93.4000015258789,17021100
2025-10-13,94.08000183105469,94.08000183105469,11031400
2025-10-14,94.25,94.25,11178000
2025-10-15,94.5199966430664,94.5199966430664,14347100
2025-10-16,92.5199966430664,92.5199966430664,17214800
2025-10-17,92.30000305175781,92.30000305175781,14282100
2025-10-20,93.69999694824219,93.69999694824219,11274900
2025-10-21,93.02999877929688,93.02999877929688,10503300
2025-10-22,92.20999908447266,92.20999908447266,11351400
2025-10-23,94.61000061035156,94.61000061035156,17121600
2025-10-24,94.06999969482422,94.06999969482422,12014600
2025-10-27,96.41999816894531,96.41999816894531,11748300
2025-10-28,95.43000030517578,95.43000030517578,17138300
2025-10-29,95.76000213623047,95.76000213623047,14532900
2025-10-30,96.48999786376953,96.48999786376953,13556600
2025-10-31,96.5,96.5,15333400
2025-11-03,99.72000122070312,99.72000122070312,28836500
2025-11-04,94.66999816894531,94.66999816894531,48787300
2025-11-05,92.75,92.75,20150800
2025-11-06,92.12000274658203,92.12000274658203,18316200
2025-11-07,91.98999786376953,91.98999786376953,16489900
2025-11-10,94.0999984741211,94.0999984741211,13310200
2025-11-11,93.5999984741211,93.5999984741211,13276300
2025-11-12,93.56999969482422,93.56999969482422,16004600
2025-11-13,91.77999877929688,91.77999877929688,16367500
2025-11-14,91.62000274658203,91.62000274658203,12475600
2025-11-17,92.11000061035156,92.11000061035156,16922500
2025-11-18,90.86000061035156,90.86000061035156,17439400
2025-11-19,89.52999877929688,89.52999877929688,18256200
2025-11-20,83.36000061035156,83.36000061035156,41734000
2025-11-21,83.87000274658203,83.87000274658203,33783100
2025-11-24,83.69000244140625,83.69000244140625,24883200
2025-11-25,83.69000244140625,83.69000244140625,18482200
2025-11-26,85.66000366210938,85.66000366210938,20448700
2025-11-28,87.54000091552734,87.54000091552734,9069400
2025-12-01,86.56999969482422,86.56999969482422,17517200
2025-12-02,87.56999969482422,87.56999969482422,18930400
2025-12-03,90.68000030517578,90.68000030517578,21335800
2025-12-04,90.98999786376953,90.98999786376953,13145300
2025-12-05,91.31999969482422,91.31999969482422,11154600
2025-12-08,92.56999969482422,92.56999969482422,12646900
2025-12-09,89.06999969482422,89.06999969482422,17117500
2025-12-10,84.16000366210938,84.16000366210938,51202000
2025-12-11,85.44000244140625,85.44000244140625,23346300
2025-12-12,85.11000061035156,85.11000061035156,16211600
2025-12-15,81.86000061035156,81.86000061035156,32070900
2025-12-16,80.91999816894531,80.91999816894531,24465100
2025-12-17,79.13999938964844,79.13999938964844,28007500
2025-12-18,79.69000244140625,79.69000244140625,18681800
2025-12-19,79.30999755859375,79.30999755859375,34353300
2025-12-22,81.26000213623047,81.26000213623047,20570400
2025-12-23,80.97000122070312,80.97000122070312,10445500
2025-12-24,81.1500015258789,81.1500015258789,4310700
2025-12-26,81.26000213623047,81.26000213623047,6741600
2025-12-29,81.5,81.5,12072600
2025-12-30,82.12000274658203,82.12000274658203,9500700
2025-12-31,81.70999908447266,81.70999908447266,8428400
2026-01-02,82.86000061035156,82.86000061035156,13083400
